protein_name,mean_plddt
9i8j_A,23.74
9i8j_B,23.74
9ml3_A,23.75
9ml3_B,23.75
9ml3_C,23.75
9ml3_D,23.75
9ml3_E,23.75
9pm6_A,23.83
9pm6_B,23.83
9pl9_A,23.86
9pl9_B,23.86
9ub6_A,24.18
9wye_A,25.03
9dd6_E,25.10
9dd6_F,25.10
9dd6_G,25.10
9ddb_C,25.10
9ddb_D,25.10
9ddb_E,25.10
9c6y_E,25.20
9c6y_F,25.20
9lof_A,25.21
9log_A,25.21
9owf_A,25.25
9owf_B,25.25
9xqd_G,25.27
9xqd_K,25.27
9k9n_C,25.79
9mw5_A,25.80
9mw5_B,25.80
9mw5_C,25.80
9mvu_A,25.81
9mvu_B,25.81
9mvu_C,25.81
9b6x_A,25.86
9b6x_B,25.86
9b6x_C,25.86
9qbl_A,25.98
9qbl_C,25.98
9xqd_a,25.99
9xqd_b,25.99
9xqd_c,25.99
9xqd_d,25.99
9xqd_e,25.99
9xqd_f,25.99
9w77_B,26.01
9w77_D,26.01
9jr7_E,26.09
9kos_E,26.12
9b6y_A,26.16
9b6y_B,26.16
9b6y_C,26.16
9xqd_H,26.28
9xqd_L,26.28
9wlr_D,26.33
9wlr_E,26.33
9wlr_F,26.33
9wlr_G,26.33
9wlr_H,26.33
9wlr_I,26.33
9loz_A,26.38
8yy6_A,26.44
8yy6_B,26.44
8yy6_C,26.44
9lh2_A,26.46
9lh2_C,26.46
9m4a_A,26.49
9m4a_B,26.49
9m4a_C,26.49
9m4a_D,26.49
9m4a_E,26.49
9m4a_F,26.49
9m4a_G,26.49
9kvj_G,26.52
9my8_B,26.55
9psn_E,26.70
9psn_T,26.70
9nrt_A,26.82
9nrt_C,26.82
9nrt_E,26.82
9mj2_A,26.87
9mj2_B,26.87
9mj2_C,26.87
9ei8_A,26.88
9ei8_B,26.88
9ei8_D,26.88
9qqt_B,26.91
9qqt_E,26.91
9mt2_B,27.09
9mt2_E,27.09
9mt2_H,27.09
9qqt_A,27.27
9qqt_D,27.27
9lu4_A,27.28
9lu4_B,27.28
9lu4_C,27.28
9lu4_D,27.28
9lu4_E,27.28
9lu4_F,27.28
9lu4_G,27.28
9lu4_H,27.28
9lu4_I,27.28
9lu4_J,27.28
9lu4_K,27.28
9lu4_L,27.28
9lu5_A,27.28
9lu5_B,27.28
9lu5_C,27.28
9lu5_D,27.28
9lu5_E,27.28
9lu5_F,27.28
9lu5_G,27.28
9lu5_H,27.28
9lu5_I,27.28
9lu5_J,27.28
9lu5_K,27.28
9lu5_L,27.28
9n7d_B,27.30
9hu5_A,27.35
9hu5_B,27.35
9i7w_V,27.35
9i7w_W,27.35
9i7w_X,27.35
9i7w_Z,27.35
9iz9_A,27.36
9iz9_B,27.36
9iz9_C,27.36
9iz9_D,27.36
9hw9_A,27.56
9og2_A,27.64
9xqd_0,27.65
9bhh_A,27.68
9bhh_B,27.68
9bhh_C,27.68
9bhh_D,27.68
9zru_A,27.71
9zru_B,27.71
9zru_C,27.71
9rqi_C,27.90
9ter_J,27.93
9gjb_L,27.99
9gjd_L,27.99
9gjf_L,27.99
9neb_C,28.00
9ycp_B,28.00
9do2_A,28.20
9do2_B,28.20
9do2_C,28.20
9oi2_A,28.24
9oi2_C,28.24
9oi2_E,28.24
9w44_A,28.29
9w44_B,28.29
9w44_C,28.29
9xqd_1,28.34
9xqd_2,28.34
9xqd_3,28.34
9xqd_4,28.34
9xqd_5,28.34
9xqd_6,28.34
9h0b_A,28.47
9h0b_D,28.47
9oal_A,28.57
9oal_B,28.57
9oal_C,28.57
9ycl_B,28.58
9ycl_E,28.58
9ycm_B,28.58
9ycm_E,28.58
9nh7_A,28.63
9nh7_B,28.63
9nh7_C,28.63
9njl_A,28.76
9njl_C,28.76
9njl_E,28.76
9rve_C,28.82
9nda_C,28.84
9nja_A,28.88
9nja_B,28.88
9nja_C,28.88
9fyx_a,28.95
9olt_A,29.17
9olt_B,29.17
9pdy_A,29.43
9pdy_B,29.43
9pdy_C,29.43
9rm2_C,29.58
9rm2_F,29.58
9rm2_K,29.58
9rm2_O,29.58
9rm2_P,29.58
9mtg_A,29.72
9mtg_C,29.72
9mtg_E,29.72
9fq7_4X,29.81
9fq7_4x,29.81
9fzl_4X,29.81
9fzl_4x,29.81
9k0l_A,29.85
9k0l_B,29.85
9k0l_C,29.85
9k0l_D,29.85
9k1p_A,29.85
9k1p_B,29.85
9k1p_C,29.85
9k1p_D,29.85
9k1p_E,29.85
9k1p_F,29.85
9k1p_G,29.85
9k1p_H,29.85
9mr1_C,29.89
9pdx_F,29.98
9fyx_c,30.04
9iz9_E,30.24
9iz9_F,30.24
9iz9_G,30.24
9iz9_H,30.24
9v0t_F,30.40
9n4g_A,30.46
9n4g_B,30.46
9e6j_A,30.47
9e6j_B,30.47
9e6j_C,30.47
9fqt_B,30.51
9cxu_A,30.53
9cxu_C,30.53
9cxu_E,30.53
9ycl_A,30.80
9ycl_D,30.80
9ycm_A,30.80
9ycm_D,30.80
9oo1_A,30.87
9oo1_B,30.87
9oo1_C,30.87
8ydk_A,30.97
8ydk_B,30.97
8ydk_C,30.97
9lly_A,30.98
9lly_B,30.98
9lly_C,30.98
8uxa_3,31.00
9xpe_A,31.02
9xpe_B,31.02
9xpe_C,31.02
9xpe_D,31.02
9xpe_E,31.02
9xpe_F,31.02
9xpe_G,31.02
9xpe_H,31.02
9xpe_I,31.02
9xpe_J,31.02
9xpe_K,31.02
9xpe_L,31.02
9odx_A,31.03
9q1j_B,31.04
9q1j_D,31.04
9q1j_H,31.04
9q1j_J,31.04
9yrl_B,31.04
9s64_A,31.11
9s64_B,31.11
9s64_C,31.11
9s64_D,31.11
9d1u_A,31.13
9d1u_B,31.13
9d1u_C,31.13
9bhh_E,31.17
9bhh_F,31.17
9bhh_G,31.17
9bhh_H,31.17
7ibc_A,31.51
7ibk_A,31.51
7ibv_A,31.51
7ic5_A,31.51
7id7_A,31.51
7idj_A,31.51
7idq_A,31.51
7ie0_A,31.51
7ie2_A,31.51
7ie7_A,31.51
7ie9_A,31.51
7iec_A,31.51
7ieg_A,31.51
7ien_A,31.51
7ieo_A,31.51
7ipo_A,31.51
7ipx_A,31.51
7ipy_A,31.51
7iq3_A,31.51
7iqg_A,31.51
7ir1_A,31.51
7ir9_A,31.51
7irl_A,31.51
7irn_A,31.51
7is1_A,31.51
7is2_A,31.51
7ise_A,31.51
7isj_A,31.51
7isq_A,31.51
7isy_A,31.51
7it1_A,31.51
7itg_A,31.51
9rve_A,31.63
10ic_A,31.79
10ic_B,31.79
10ic_C,31.85
10ic_D,31.85
10ic_E,31.85
10ic_F,31.85
10ic_G,31.85
10ic_H,31.85
10ic_I,31.85
10ic_J,31.85
10ic_K,31.85
10ic_L,31.85
10ic_M,31.85
10ic_N,31.85
10ic_O,31.85
9eca_A,32.02
9ece_A,32.02
21al_A,32.03
9zt7_C,32.04
9zt7_D,32.04
9zt7_E,32.04
9h22_C,32.16
9mti_A,32.24
9mti_B,32.24
9mti_C,32.24
9xqd_J,32.29
9xqd_N,32.29
9xqd_P,32.29
9xqd_R,32.29
9xqd_T,32.29
9xqd_V,32.29
9lb2_A,32.30
9lb2_B,32.30
8s6y_AAA,32.40
8s6y_BBB,32.40
8s6y_CCC,32.40
8s6y_DDD,32.40
9hbk_A,32.43
9hho_A,32.56
9fwi_A,32.64
9fwo_A,32.64
9qt3_A,32.64
9qt3_E,32.64
9qt3_I,32.64
9qt3_M,32.64
9xph_D,32.67
9xph_E,32.67
9xph_F,32.67
9xph_G,32.67
9xph_J,32.67
9xph_L,32.67
9en4_A,32.86
9en4_B,32.86
9hjt_H,33.08
9hjt_I,33.08
9q1j_A,33.25
9q1j_C,33.25
9q1j_G,33.25
9q1j_I,33.25
9yrl_A,33.25
9v0q_B,33.47
9v0q_F,33.47
9v0q_G,33.47
9v0s_A,33.47
9v0s_B,33.47
9v0s_C,33.47
9v2o_B,33.47
9nio_A,33.48
9njg_A,33.48
9coe_B,33.55
9coe_D,33.55
9coe_F,33.55
9lts_C,33.63
9v47_B,34.34
9rt2_N1,34.41
9rt2_N2,34.41
9rt2_N3,34.41
9rt2_N4,34.41
9rt2_N5,34.41
9rt2_N6,34.41
9rt2_N7,34.41
9rt2_N8,34.41
9zru_a,34.42
9zru_b,34.42
9zru_c,34.42
9r09_B,34.43
9fm2_B,34.50
9fm2_C,34.50
9fm2_D,34.50
9fm2_E,34.50
9pnu_C,34.51
9pnu_G,34.51
9pnu_I,34.51
13mi_A,34.52
13mj_A,34.52
13ml_A,34.52
13mp_A,34.52
13mt_A,34.52
13mw_A,34.52
13nn_A,34.52
13nr_A,34.52
13ns_A,34.52
13nv_A,34.52
13nx_A,34.52
13ob_A,34.52
13oc_A,34.52
13og_A,34.52
13or_A,34.52
13ot_A,34.52
13pf_A,34.52
13pg_A,34.52
13pr_A,34.52
13qh_A,34.52
13rf_A,34.52
9jv7_A,34.66
9jv7_B,34.66
9fq7_3K,34.66
9fq7_3k,34.66
9fzl_3K,34.66
9fzl_3k,34.66
9gxj_A,34.71
9gxj_B,34.71
9gxj_C,34.71
9gxj_D,34.71
9gxj_E,34.71
9gxj_F,34.71
9gxj_G,34.71
9njl_B,34.77
9njl_D,34.77
9njl_F,34.77
9lm6_A,34.81
9lm6_B,34.81
9lm6_C,34.81
9syi_A,34.99
9syi_B,34.99
9r8u_A,35.09
9r8u_B,35.09
9r8u_C,35.09
9thj_A,35.29
9pgi_5,35.36
9prx_5,35.36
9qqt_C,35.40
9qqt_F,35.40
9nj2_A,35.43
9nj2_B,35.43
9nj2_C,35.43
9nj2_D,35.43
9oac_Ba,35.45
9oac_Bb,35.45
9oac_Bc,35.45
9oac_Bd,35.45
9oac_Be,35.45
9oac_Bf,35.45
9oac_Bg,35.45
9oac_Bh,35.45
9oac_Bi,35.45
9oac_Bj,35.45
9oac_Bk,35.45
9oac_Bl,35.45
9oac_Bm,35.45
9oac_Bn,35.45
9oac_Bo,35.45
9oac_Bp,35.45
9oac_Bq,35.45
9oac_Br,35.45
9oac_Bs,35.45
9oac_Bt,35.45
9oae_Ba,35.45
9oae_Bb,35.45
9oae_Bc,35.45
9oae_Bd,35.45
9oae_Be,35.45
9oae_Bf,35.45
9oae_Bg,35.45
9oae_Bh,35.45
9oae_Bi,35.45
9oae_Bj,35.45
9oae_Bk,35.45
9oae_Bl,35.45
9oae_Bm,35.45
9oae_Bn,35.45
9oae_Bo,35.45
9oae_Bp,35.45
9oae_Bq,35.45
9oae_Br,35.45
9oae_Bs,35.45
9oae_Bt,35.45
9pq3_C,35.56
9pq3_G,35.56
9pq3_I,35.56
9hbk_B,35.60
9whf_A,35.66
9cxu_B,36.01
9cxu_D,36.01
9cxu_F,36.01
9mej_E,36.04
9dgv_L,36.11
9yng_L,36.11
9nh7_G,36.14
9nh7_H,36.14
9nh7_I,36.14
9uzo_B,36.18
9fq7_3I,36.18
9fq7_3i,36.18
9fzl_3I,36.18
9fzl_3i,36.18
9m29_B,36.25
9o6k_A,36.61
9mri_A,36.65
9mri_B,36.65
9mri_C,36.65
9mri_D,36.65
9mri_E,36.65
9mri_F,36.65
9da8_D,37.06
9da8_N,37.06
9pgo_A,37.06
9pgo_B,37.06
9pgo_C,37.06
9pgo_D,37.06
9pgo_E,37.06
9pgo_F,37.06
9pgo_G,37.06
9pgo_H,37.06
9pgo_I,37.06
9pgo_J,37.06
9pgo_K,37.06
9pgo_L,37.06
8uxa_g,37.08
9ei8_C,37.11
9ei8_E,37.11
9ei8_F,37.11
9pgi_A0,37.24
9prx_A0,37.24
9geh_A,37.31
9geh_B,37.31
9geh_C,37.31
9mtg_B,37.37
9mtg_D,37.37
9mtg_F,37.37
9uzo_A,37.52
9lf8_Q,37.57
9lf8_R,37.57
9lf8_S,37.57
9lf8_T,37.57
9yl4_A,37.59
9yl4_B,37.59
9yl4_C,37.59
9yl4_D,37.59
9yl4_E,37.59
9yl4_F,37.59
9yl4_G,37.59
9yl4_H,37.59
9yl4_I,37.59
9yl4_J,37.59
9yl4_K,37.59
9yl4_L,37.59
9xzi_A,37.72
9r09_A,37.97
9pv6_A,38.00
9do7_M,38.00
9do7_N,38.00
9do7_O,38.00
9do7_P,38.00
9do7_Q,38.00
9do7_R,38.00
9do7_S,38.00
9do7_T,38.00
9do7_U,38.00
9do7_V,38.00
9do7_W,38.00
9do7_X,38.00
9do7_Y,38.00
9oo1_D,38.17
9oo1_E,38.17
9oo1_F,38.17
9hix_H,38.25
8uxa_AE,38.35
8zod_b,38.50
8zoi_b,38.50
9rc2_A,38.50
9cok_B,38.56
9cok_C,38.56
9cok_D,38.56
9cok_E,38.56
9cok_F,38.56
9cok_G,38.56
9i7w_U,38.92
9fq7_4P,39.01
9fq7_4p,39.01
9fzl_4P,39.01
9fzl_4p,39.01
9o7l_A,39.06
9o7l_B,39.06
9o7l_C,39.06
9o7l_D,39.06
9o7l_F,39.06
9o7l_H,39.06
9fwi_B,39.14
9fwo_B,39.14
9sob_L16,39.15
9sob_L8,39.15
9sob_L,39.15
9fq7_4Y,39.34
9fq7_4y,39.34
9fzl_4Y,39.34
9fzl_4y,39.34
9igu_0,39.50
9sap_A,39.53
9ug6_A,39.56
9ug6_B,39.56
9ug6_C,39.56
10ic_0,39.62
10ic_1,39.62
10ic_P,39.62
10ic_Q,39.62
10ic_R,39.62
10ic_S,39.62
10ic_T,39.62
10ic_U,39.62
10ic_V,39.62
10ic_W,39.62
10ic_X,39.62
10ic_Y,39.62
10ic_Z,39.62
9rs9_B,39.63
9jni_B,39.70
9c63_A,39.79
9c63_B,39.79
9c64_A,39.79
9c64_B,39.79
9r80_Aa,39.86
9r80_Ab,39.86
9r80_Ac,39.86
9r80_Ad,39.86
9r80_Ae,39.86
9r80_Af,39.86
9r80_Ag,39.86
9r80_Ah,39.86
9r80_Ai,39.86
9r80_Aj,39.86
9r80_Ak,39.86
9r80_Al,39.86
9r80_Am,39.86
9r80_An,39.86
9r80_Ao,39.86
9r80_Ap,39.86
9r80_Aq,39.86
9r80_Ar,39.86
9r80_As,39.86
9r80_At,39.86
9r80_Au,39.86
9r80_Av,39.86
9r80_Aw,39.86
9r80_Ax,39.86
9r80_Ay,39.86
9r80_Az,39.86
9r80_Ba,39.86
9r80_Bb,39.86
9r80_Bc,39.86
9r80_Bd,39.86
9sao_A,39.94
9saq_A,39.94
9lcw_A,39.96
9lcw_B,39.96
9lcw_C,39.96
9lcw_D,39.96
9ifm_O,39.97
9ifm_o,39.97
9n70_SS,39.97
9n77_SS,39.97
9n79_SS,39.97
9l44_A,40.05
9l44_B,40.05
9l44_C,40.05
9l44_D,40.05
9ukm_A,40.13
9ukm_B,40.13
9ukm_C,40.13
9ukm_D,40.13
9ukm_E,40.13
9ukm_F,40.13
9ukm_G,40.13
9z6b_A,40.16
9oi2_B,40.29
9oi2_D,40.29
9oi2_F,40.29
9qee_C,40.31
9pgi_s,40.32
9prx_s,40.32
9n7f_A,40.42
9n7f_B,40.42
9n7f_C,40.42
9n7f_D,40.42
9gvr_A,40.48
9fyx_b,40.48
9bfc_C,40.57
9ubx_G,40.69
9ubx_g,40.69
9ubx_t,40.69
9phw_C,40.75
9phw_c,40.75
9gjf_H,40.78
9h6i_AQ,40.80
9b72_A,40.84
8ywb_A,40.88
8ywb_D,40.88
9jw6_A,40.89
9jw6_B,40.89
9jw6_C,40.89
9jw6_D,40.89
9s78_e,40.92
9s78_f,40.92
9s78_g,40.92
9s78_h,40.92
9rve_B,41.45
9ycp_A,41.48
9crp_H,41.60
9crp_J,41.60
9crp_K,41.60
9crp_L,41.60
9crp_N,41.60
9fel_A,41.61
9fel_L,41.61
9ifm_D,41.63
9ifm_d,41.63
9q79_A,41.82
9q79_C,41.82
9q79_E,41.82
9q79_G,41.82
9mt4_C,41.92
9mt4_D,41.92
9le8_AM,42.03
9le8_Q,42.03
9phw_D,42.06
9phw_d,42.06
9g6h_D,42.20
9g6h_d,42.20
9v7k_Z,42.21
9v7l_A,42.21
9lut_A,42.22
9nrt_B,42.31
9nrt_D,42.31
9nrt_F,42.31
9qeq_Y,42.34
9mdi_A,42.34
9mdi_B,42.34
9kyd_B,42.51
9kye_B,42.51
9lut_B,42.58
8uxa_d,42.59
9d3i_P,42.60
9ogl_A,42.63
9ogl_B,42.63
9ogl_C,42.63
9r7r_Aa,42.65
9r7r_Ac,42.65
9r7r_Ae,42.65
9r7r_Ag,42.65
9r7r_Ai,42.65
9r7r_Ak,42.65
9r7r_Am,42.65
9r7r_Ao,42.65
9r7r_Aq,42.65
9r7r_As,42.65
9r7r_Au,42.65
9r7r_Aw,42.65
9r7r_Ay,42.65
9r7r_Ba,42.65
9r7r_Bc,42.65
9r7r_Be,42.65
9r7r_Bg,42.65
9r7r_Bi,42.65
9r7r_Bk,42.65
9r7r_Bm,42.65
9r7r_Bo,42.65
9r7r_Bq,42.65
9r7r_Bs,42.65
9r7r_Bu,42.65
9r7r_Bw,42.65
9r7r_By,42.65
9r7r_Ca,42.65
9r7r_Cc,42.65
9r7r_Ce,42.65
9r7r_Cg,42.65
9r7r_Ci,42.65
9r7r_Ck,42.65
9r7r_Cm,42.65
9r7r_Co,42.65
9r7r_Cq,42.65
9r7r_Cs,42.65
9fq7_2O,42.83
9fq7_2o,42.83
9fzl_2O,42.83
9fzl_2o,42.83
9p8l_A,42.84
9p8l_B,42.84
9p8l_C,42.84
8yvl_A,42.99
8yvl_B,42.99
8yvl_C,42.99
8yvl_D,42.99
9ncu_A,43.06
9ncu_B,43.06
9ncu_C,43.06
9ncu_D,43.06
9ncu_E,43.06
9ncu_F,43.06
9ncu_G,43.06
9ncu_H,43.06
9ncu_I,43.06
9ncu_J,43.06
9ncu_K,43.06
9ncu_L,43.06
9ncu_M,43.06
9ncu_N,43.06
9ncu_O,43.06
9ncu_P,43.06
9ncu_Q,43.06
9ncu_R,43.06
9l23_B,43.08
9nee_B,43.18
9i5m_A,43.24
9i5m_B,43.24
9mb8_C,43.35
9mb8_D,43.35
9rmc_V,43.51
9rn1_V,43.51
9ifm_C,43.60
9ifm_c,43.60
9ubx_H,43.75
9ubx_h,43.75
9ubx_u,43.75
9h26_A,43.80
9wsc_A,43.86
9kmc_D,44.09
9g6h_C,44.10
9g6h_c,44.10
9crq_H,44.13
9crq_K,44.13
9crq_L,44.13
9crq_N,44.13
8zod_a,44.27
8zoi_a,44.27
9si0_O,44.29
8vvv_r,44.40
9rsx_N3,44.42
9nrt_G,44.44
9nrt_H,44.44
9nrt_I,44.44
9nrt_J,44.44
9w3v_A,44.48
9w3v_B,44.48
9w3v_C,44.48
9w3v_D,44.48
9t05_AAA,44.61
9t05_CCC,44.61
9t05_EEE,44.61
9t05_GGG,44.61
9t05_III,44.61
9t05_KKK,44.61
9le8_AK,44.64
9le8_O,44.64
9fq7_4H,44.68
9fq7_4h,44.68
9fzl_4H,44.68
9fzl_4h,44.68
9ub5_A,44.74
8uxa_AF,44.90
9pac_A,45.00
9pac_B,45.00
9pac_C,45.00
9pac_D,45.00
9h4p_BD,45.03
9h4p_BE,45.03
9h4p_BF,45.03
9h22_S,45.05
9fq7_4T,45.15
9fq7_4t,45.15
9fzl_4T,45.15
9fzl_4t,45.15
9jh8_A,45.32
9jhl_A,45.32
9jhl_B,45.32
9ubb_A,45.32
9y4g_CB,45.42
8uxa_j,45.46
9p76_Lr,45.53
9p7g_Lr,45.53
9p7w_Lr,45.53
9p7y_Lr,45.53
9pkg_Lr,45.53
9fua_B,45.54
8vvv_B,45.60
9mr4_B,45.60
9qqa_BB,45.60
9yq1_B,45.60
9k1y_D,45.61
9xpe_M,45.63
9xpe_N,45.63
9xpe_O,45.63
9xpe_P,45.63
9xpe_Q,45.63
9xpe_R,45.63
9xpe_S,45.63
9xpe_T,45.63
9xpe_U,45.63
9xpe_V,45.63
9xpe_W,45.63
9xpe_X,45.63
9ook_f,45.65
9ook_h,45.65
9ook_j,45.65
9uzo_D,45.66
9uzo_d,45.66
9y93_A,45.69
9y93_B,45.69
9y93_C,45.69
9y93_D,45.69
9e9v_p,45.75
9e9v_t,45.75
9p76_LB,45.75
9p7g_LB,45.75
9p7w_LB,45.75
9p7y_LB,45.75
9pkg_LB,45.75
9qbq_A,45.75
9qbq_C,45.75
9r8u_a,45.77
9r8u_b,45.77
9r8u_c,45.77
9g6h_B,45.85
9g6h_b,45.85
9le8_AJ,45.89
9le8_J,45.89
9fyx_Y,45.89
21ip_B,46.00
9fq7_4W,46.01
9fq7_4w,46.01
9fzl_4W,46.01
9fzl_4w,46.01
9uzo_I,46.10
9n70_NN,46.14
9uba_A,46.17
9pa8_B,46.18
9k1y_B,46.19
9y49_CB,46.20
9wxm_L,46.23
9coe_A,46.25
9coe_C,46.25
9coe_E,46.25
9qqa_Br,46.26
9i2d_LB,46.30
9m0p_LB,46.30
9s3b_LB,46.30
9kgs_A,46.44
9kgs_B,46.44
9phw_B,46.47
9phw_b,46.47
9y42_B,46.49
9ifm_B,46.52
9ifm_b,46.52
9igu_R,46.52
9pgi_AR,46.52
9prx_AR,46.52
9ve6_B,46.57
9k1s_C,46.59
9k1s_D,46.59
9nby_A,46.61
9nby_C,46.61
9nby_E,46.61
9nc8_A,46.61
9nc8_C,46.61
9nc8_E,46.61
8uxa_i,46.63
9lgq_A,46.77
9m29_A,46.77
9pd3_H,46.78
9li2_A,46.80
9li2_B,46.80
9li2_C,46.80
9paa_A,46.82
9paa_B,46.82
9l5z_A,46.83
9l5z_B,46.83
9l5z_C,46.83
9l5z_D,46.83
9l5z_E,46.83
9l5z_F,46.83
9l5z_G,46.83
9l5z_H,46.83
9pxf_D,46.84
9pxf_E,46.84
9pxf_F,46.84
9gjb_H,46.87
9fq7_4J,46.88
9fq7_4j,46.88
9fzl_4J,46.88
9fzl_4j,46.88
9uzo_C,46.90
9uzo_c,46.90
9pys_A,46.92
9mt2_C,46.92
9mt2_F,46.92
9mt2_I,46.92
9lut_D,46.93
9gjd_H,46.99
9o6d_A,47.09
9o6d_B,47.09
9o5u_A,47.12
9o5u_B,47.12
9o5u_C,47.12
9o5u_D,47.12
9hgj_A,47.12
9hgj_B,47.12
9le8_AL,47.14
9le8_P,47.14
9pgi_M,47.14
9prx_M,47.14
9h6i_BS,47.16
9hfy_A,47.17
9hfy_B,47.17
9mlj_A,47.17
9ri1_A,47.17
9ri1_B,47.17
9uoq_A,47.17
9xz6_A,47.17
9kn6_3d,47.24
9xyx_A,47.26
9o74_A,47.33
9o74_B,47.33
9opm_A,47.34
9opm_B,47.34
9lll_A,47.39
9fq7_30,47.41
9mj2_a,47.41
9mj2_b,47.41
9mj2_c,47.41
9n6l_A,47.44
9n6p_A,47.44
9m6q_A,47.47
9m6q_B,47.47
9vs1_A,47.48
9vs1_B,47.48
9tkh_A,47.51
9tkh_B,47.51
9tkh_C,47.51
9tkj_A,47.51
9tkj_B,47.51
9tkj_C,47.51
9tkj_D,47.51
9tkk_A,47.51
9tkk_B,47.51
9tkk_C,47.51
9tkk_D,47.51
9tkl_A,47.51
9tkl_B,47.51
9tkl_C,47.51
9tkl_D,47.51
9tkl_E,47.51
9tkl_F,47.51
9tkl_G,47.51
9tkl_t,47.51
9opn_A,47.53
9opn_B,47.53
9mvp_A,47.55
9vea_B,47.58
9ocl_4,47.58
9i2d_Lr,47.62
9m0p_Lr,47.62
9s3b_Lr,47.62
9y49_Cr,47.62
9y4g_Cr,47.62
9l0v_C,47.65
9cjr_A,47.66
9cjr_B,47.66
9ib6_A,47.73
9ib7_A,47.73
9ib7_B,47.73
9ib7_C,47.73
9mr4_r,47.76
9yq1_r,47.76
9rpd_K,47.83
9z74_A,47.87
9cpa_D,47.87
9qtr_A,47.88
9phw_O,47.94
9phw_o,47.94
9moh_K0,48.00
9moh_K1,48.00
9moh_K2,48.00
9moh_K3,48.00
9moh_K4,48.00
9moh_K5,48.00
9moh_K6,48.00
9moh_K7,48.00
9moh_K8,48.00
9moh_K9,48.00
9moh_L0,48.00
9moh_L1,48.00
9moh_L2,48.00
9moh_L3,48.00
9moh_L4,48.00
9moh_L5,48.00
9moh_L6,48.00
9moh_L7,48.00
9moh_L8,48.00
9moh_L9,48.00
9moh_LQ,48.00
9moh_LR,48.00
9moh_LS,48.00
9moh_LU,48.00
9moh_LV,48.00
9moh_LW,48.00
9moh_LX,48.00
9moh_LY,48.00
9moh_LZ,48.00
9moh_La,48.00
9moh_Lb,48.00
9moh_Lc,48.00
9moh_Ld,48.00
9moh_Le,48.00
9moh_Lv,48.00
9moh_Lw,48.00
9moh_Lx,48.00
9moh_Lz,48.00
9moh_M0,48.00
9moh_M1,48.00
9moh_M2,48.00
9moh_M3,48.00
9moh_M4,48.00
9moh_M5,48.00
9moh_M6,48.00
9moh_M7,48.00
9moh_M8,48.00
9moh_M9,48.00
9moh_MQ,48.00
9moh_MR,48.00
9moh_MS,48.00
9moh_MU,48.00
9moh_MV,48.00
9moh_MW,48.00
9moh_MX,48.00
9moh_MY,48.00
9moh_MZ,48.00
9moh_Ma,48.00
9moh_Mb,48.00
9moh_Mc,48.00
9moh_Md,48.00
9moh_Me,48.00
9moh_Mv,48.00
9moh_Mw,48.00
9moh_Mx,48.00
9moh_Mz,48.00
9moh_NV,48.00
9moh_NW,48.00
9moh_NX,48.00
9moh_NZ,48.00
9moh_Na,48.00
9moh_Nb,48.00
9moh_Nc,48.00
9moh_Nd,48.00
9moh_Ne,48.00
9moh_Nf,48.00
9moh_Ng,48.00
9moh_Nh,48.00
9moh_Ni,48.00
9moh_Nj,48.00
9moh_Nv,48.00
9moh_Nw,48.00
9moh_Nx,48.00
9moh_Nz,48.00
9i6u_B,48.01
9i6w_B,48.01
9i6x_B,48.01
9i71_B,48.01
9i73_B,48.01
9i75_B,48.01
9mvq_A,48.02
9mvq_B,48.02
9h4p_QE,48.07
9h4p_QF,48.07
9h4p_QG,48.07
9h4p_QH,48.07
9h4p_QI,48.07
9h4p_QJ,48.07
9gi6_A,48.12
9gi6_B,48.12
9kh0_A,48.15
9kh0_B,48.15
9qky_A,48.28
9qky_B,48.28
9qky_E,48.28
9qky_F,48.28
9qky_I,48.28
9qky_J,48.28
9qky_M,48.28
9qky_N,48.28
9o5a_F,48.43
9xbm_A,48.45
9xbm_B,48.45
9xbm_C,48.45
9xbm_D,48.45
9xbm_E,48.45
8uxa_8,48.46
9juf_A,48.56
9juf_B,48.56
9bhh_U,48.56
9bhh_V,48.56
9bhh_W,48.56
9bhh_X,48.56
9e3p_C,48.64
9kmc_A,48.66
9e3p_A,48.67
9e3p_B,48.67
9jx2_A,48.76
9lu4_M,48.77
9lu4_N,48.77
9lu4_O,48.77
9lu4_P,48.77
9lu4_Q,48.77
9lu4_R,48.77
9lu5_M,48.77
9lu5_N,48.77
9lu5_O,48.77
9lu5_P,48.77
9lu5_Q,48.77
9lu5_R,48.77
9v7k_X,48.86
9l0t_C,48.92
9l0t_D,48.92
9m6u_A,48.93
9m6u_B,48.93
9e9v_o,49.04
9e9v_s,49.04
9vkw_A,49.14
9ubq_A,49.15
9ubq_B,49.15
9g6h_A,49.17
9g6h_a,49.17
9n3m_A,49.18
9kye_C,49.23
9kye_D,49.23
9kye_E,49.23
9kye_F,49.23
9kye_G,49.23
9kh1_A,49.24
9kh1_B,49.24
9qf5_BN,49.25
9n98_A,49.32
9n98_B,49.32
9g6h_O,49.33
9g6h_o,49.33
9m6r_A,49.39
9m6r_B,49.39
9dgv_a,49.39
9dgv_b,49.39
9e7u_A,49.53
9h30_B,49.70
8zod_d,49.72
8zoi_d,49.72
9ukm_I,49.82
9hnq_P,49.83
9nq7_D,49.85
9nq7_I,49.85
9nq7_J,49.85
9fq7_4E,49.86
9fq7_4e,49.86
9fzl_4E,49.86
9fzl_4e,49.86
9fq7_4Z,49.90
9fq7_4z,49.90
9fzl_4Z,49.90
9fzl_4z,49.90
9pgi_h,49.94
9prx_h,49.94
9ma3_A,50.02
9jgv_A,50.03
9jgv_B,50.03
9o5s_E,50.06
9o5s_J,50.06
9o5s_N,50.06
9o5s_P,50.06
9n70_NA,50.18
9n77_NA,50.18
9n79_NA,50.18
9q1v_B,50.25
9q1v_D,50.25
9sma_A,50.34
9sma_B,50.34
9faq_G,50.36
9fat_G,50.36
9h22_M,50.37
9bfc_F,50.41
9h6i_Aa,50.44
9lti_T,50.53
9mvo_A,50.55
9xvq_A,50.56
9bhh_I,50.57
9bhh_J,50.57
9bhh_K,50.57
9bhh_L,50.57
9iz9_I,50.57
9iz9_J,50.57
9iz9_K,50.57
9iz9_L,50.57
9pnu_A,50.60
9pnu_B,50.60
9pnu_F,50.60
9pgi_a,50.61
9prx_a,50.61
9xph_A,50.64
9xph_B,50.64
9xph_C,50.64
9oac_Aa,50.71
9oac_Ab,50.71
9oac_Ac,50.71
9oac_Ad,50.71
9oac_Ae,50.71
9oac_Af,50.71
9oac_Ag,50.71
9oac_Ah,50.71
9oac_Ai,50.71
9oac_Aj,50.71
9oac_Ak,50.71
9oac_Al,50.71
9oac_Am,50.71
9oac_An,50.71
9oac_Ao,50.71
9oac_Ap,50.71
9oac_Aq,50.71
9oac_Ar,50.71
9oac_As,50.71
9oac_At,50.71
9oae_Aa,50.71
9oae_Ab,50.71
9oae_Ac,50.71
9oae_Ad,50.71
9oae_Ae,50.71
9oae_Af,50.71
9oae_Ag,50.71
9oae_Ah,50.71
9oae_Ai,50.71
9oae_Aj,50.71
9oae_Ak,50.71
9oae_Al,50.71
9oae_Am,50.71
9oae_An,50.71
9oae_Ao,50.71
9oae_Ap,50.71
9oae_Aq,50.71
9oae_Ar,50.71
9oae_As,50.71
9oae_At,50.71
9e2d_L,50.92
9e2d_V,50.92
9e2d_X,50.92
9e2d_Z,50.92
9e2q_L,50.92
9e2q_V,50.92
9e2q_X,50.92
9e2q_Z,50.92
9e2r_L,50.92
9e2r_V,50.92
9e2r_X,50.92
9e2r_Z,50.92
9utu_C,50.99
9o6k_C,51.08
9pgi_L,51.09
9prx_L,51.09
9qnf_A,51.12
9qnf_B,51.12
9qnf_C,51.12
9qnf_D,51.12
9qnf_E,51.12
9qnf_F,51.12
9qnf_G,51.12
9qnf_H,51.12
9qnf_I,51.12
9qnf_J,51.12
9qnf_K,51.12
9qnf_L,51.12
8zod_l,51.25
8zoi_l,51.25
9gs0_AA,51.35
9gs0_AB,51.35
9gs0_AC,51.35
9gs0_AD,51.35
9gs0_AE,51.35
9gs0_AF,51.35
9gs0_AG,51.35
9ltx_A,51.37
9n9t_A,51.39
9n9t_B,51.39
9i7w_A,51.44
9i7w_B,51.44
9i7w_E,51.44
9i7w_F,51.44
9i7w_M,51.44
9i7w_N,51.44
9i7w_S,51.44
9i7w_T,51.44
9rb6_A,51.45
9rb6_B,51.45
9rb6_C,51.45
9rb6_D,51.45
9rb6_E,51.45
9rb6_F,51.45
9rb6_G,51.45
9rb6_H,51.45
9rb6_I,51.45
9rb6_J,51.45
9fq7_4C,51.48
9fq7_4c,51.48
9fzl_4C,51.48
9fzl_4c,51.48
9qnd_A,51.51
9qnd_B,51.51
9qnd_C,51.51
9qnd_D,51.51
9qnd_E,51.51
9qnd_F,51.51
9qnd_G,51.51
9qnd_H,51.51
9qnd_I,51.51
9qnd_J,51.51
9qnd_K,51.51
9qnd_L,51.51
9ifm_A,51.51
9ifm_a,51.51
9fq7_2R,51.55
9fq7_2r,51.55
9fzl_2R,51.55
9fzl_2r,51.55
9lts_M,51.59
9pgi_9,51.61
9prx_9,51.61
9dgv_Y,51.61
9yng_Y,51.61
9i1u_A,51.68
9i1u_B,51.68
9i1u_C,51.68
9i1u_D,51.68
9i1u_E,51.68
9i1u_F,51.68
9i1u_G,51.68
9i1u_H,51.68
9e8u_A,51.77
9e8u_B,51.77
9e8u_C,51.77
9e8u_D,51.77
9e8u_E,51.77
9e8u_F,51.77
9e8u_G,51.77
9e8u_H,51.77
9e8u_I,51.77
9e8u_J,51.77
9ic7_a,51.77
9ic7_b,51.77
9ic7_c,51.77
9ic7_d,51.77
9ic7_e,51.77
9ic7_f,51.77
9ic7_g,51.77
9ic7_h,51.77
9ic7_i,51.77
9ic7_j,51.77
9ic7_k,51.77
9ic7_l,51.77
9ic7_m,51.77
9ic7_n,51.77
9mr9_B,51.81
9mr9_F,51.81
9mr9_J,51.81
9mr9_N,51.81
9mr9_R,51.81
9mr9_V,51.81
9mr9_Z,51.81
9mr9_d,51.81
9ka4_A,51.88
9ka4_B,51.88
9ka4_C,51.88
9ka4_D,51.88
9ka4_E,51.88
9ka4_F,51.88
9vqm_A,51.89
9ocl_2,51.90
9lut_H,51.92
9n70_L8,51.94
9n77_L8,51.94
9n79_L8,51.94
9sob_M16,52.03
9sob_M8,52.03
9sob_M,52.03
9vkw_B,52.05
9v1j_sj,52.05
9nhc_F,52.06
9v7l_B,52.11
9v7l_D,52.11
9v7l_F,52.11
9v7l_H,52.11
9v7l_J,52.11
9v7l_L,52.11
9v7l_O,52.11
9v7l_Q,52.11
9v7l_S,52.11
9v7l_U,52.11
9v7l_W,52.11
9v7l_Y,52.11
9ju0_AAA,52.14
9ju0_BBB,52.14
9ju0_CCC,52.14
9ju0_DDD,52.14
9xzi_D,52.24
9bwd_K,52.27
9bxv_K,52.27
9j6h_AM,52.27
9hn5_B,52.30
9oae_Ga,52.32
9oae_Gb,52.32
9oae_Gc,52.32
9oae_Gd,52.32
9oae_Ge,52.32
9oae_Gf,52.32
9oae_Gg,52.32
9oae_Gh,52.32
9oae_Gi,52.32
9oae_Gj,52.32
9oae_Gk,52.32
9oae_Gl,52.32
9oae_Ha,52.32
9oae_Hb,52.32
9oae_Hc,52.32
9oae_Hd,52.32
9oae_He,52.32
9oae_Hf,52.32
9oae_Hg,52.32
9oae_Hh,52.32
9oae_Hi,52.32
9oae_Hj,52.32
9oae_Hk,52.32
9oae_Hl,52.32
9pgi_D,52.33
9prx_D,52.33
9qqa_Ag,52.34
9hf1_A,52.36
9hf1_B,52.36
9hf1_C,52.36
9hf1_D,52.36
9hf1_E,52.36
9hf1_F,52.36
9hf1_G,52.36
9mbv_A,52.37
9mbv_B,52.37
9rcv_I,52.41
9y42_r,52.48
9ddv_A,52.49
9ddv_B,52.49
9ddv_C,52.49
9ux1_C,52.49
9ux2_B,52.49
9ux2_C,52.49
9yfy_A,52.50
9yfy_B,52.50
9jc5_A,52.51
9jc5_B,52.51
9jc5_C,52.51
9jc5_D,52.51
9jc5_E,52.51
9jc5_F,52.51
9jd7_A,52.51
9jd7_B,52.51
9jd7_C,52.51
9jd7_D,52.51
9jd7_E,52.51
9jd7_F,52.51
9sob_W,52.60
9ekk_A,52.61
9ekk_B,52.61
9arw_F,52.62
9arw_G,52.62
9wai_A,52.63
9igu_1,52.64
9pgi_A1,52.64
9prx_A1,52.64
9vxw_A,52.69
9x7f_A,52.77
9x7f_B,52.77
9x7f_C,52.77
9x7f_D,52.77
9x7f_E,52.77
9x7f_F,52.77
9jh2_A,52.87
9lc2_A,52.87
9lc2_B,52.87
9zz6_I,52.88
9j1y_B,52.92
9mt4_G,52.92
9mt4_H,52.92
9n70_NB,52.93
9n77_NB,52.93
9n79_NB,52.93
9vqm_B,52.96
9vqm_C,52.96
9vqm_D,52.96
9hjt_A,52.98
9y49_CA,53.04
9y4g_CA,53.04
9uzo_J,53.06
9uzo_j,53.06
9t05_BBB,53.07
9t05_DDD,53.07
9t05_FFF,53.07
9t05_HHH,53.07
9t05_JJJ,53.07
9t05_LLL,53.07
9i96_C,53.09
9hez_A,53.10
9hez_B,53.10
9hez_C,53.10
9hez_D,53.10
9hez_E,53.10
9hez_F,53.10
9hez_G,53.10
9hf0_A,53.10
9hf0_B,53.10
9hf0_C,53.10
9hf0_D,53.10
9hf0_E,53.10
9hf0_F,53.10
9hf0_G,53.10
9zz6_C,53.12
9n8n_I,53.13
9sao_B,53.13
9sap_B,53.13
9saq_B,53.13
9n9f_S,53.14
9e7p_B,53.24
9p76_LN,53.26
9p7g_LN,53.26
9p7w_LN,53.26
9p7y_LN,53.26
9pkg_LN,53.26
9y42_N,53.26
9y49_CN,53.26
9y4g_CN,53.26
9lvk_D,53.27
9lvk_N,53.27
9h1q_B,53.28
9h1q_C,53.28
9h1q_D,53.28
9h1q_E,53.28
9hyn_C,53.41
9hyn_F,53.41
9wai_B,53.44
9h6i_BQ,53.45
9ocl_1,53.46
9pd3_C,53.50
9pd4_C,53.50
8vvv_A,53.50
9i2d_LA,53.50
9m0p_LA,53.50
9mr4_A,53.50
9qqa_BA,53.50
9s3b_LA,53.50
9yq1_A,53.50
9slj_N,53.53
9slj_Q,53.53
8vvv_N,53.58
9i2d_LN,53.58
9m0p_LN,53.58
9mr4_N,53.58
9qqa_BN,53.58
9s3b_LN,53.58
9yq1_N,53.58
9juf_C,53.60
9juf_D,53.60
9c9t_Z,53.66
9p76_LA,53.67
9p7g_LA,53.67
9p7w_LA,53.67
9p7y_LA,53.67
9pkg_LA,53.67
9y42_A,53.67
9hn4_A,53.74
9phw_A,53.77
9phw_a,53.77
9do7_a,53.83
9do7_b,53.83
9do7_c,53.83
9do7_d,53.83
9do7_e,53.83
9do7_f,53.83
9do7_g,53.83
9do7_h,53.83
9do7_i,53.83
9do7_j,53.83
9do7_k,53.83
9do7_l,53.83
9do7_m,53.83
9do7_n,53.83
9do7_o,53.83
9do7_p,53.83
9do7_q,53.83
9do7_r,53.83
9do7_s,53.83
9do7_t,53.83
9do7_u,53.83
9do7_v,53.83
9do7_w,53.83
9do7_x,53.83
9do7_y,53.83
9do7_z,53.83
9rju_A,53.83
9rjw_A,53.83
9igu_V,53.84
9pgi_AV,53.84
9prx_AV,53.84
9j3g_A,53.86
8y5m_h,53.86
8ydh_h,53.86
9mr4_HH,54.01
9y42_VV,54.01
9k7f_F,54.01
9kdo_F,54.01
9v1j_sx,54.06
9cf8_U,54.06
9lti_M,54.12
8vvv_II,54.12
9p76_SI,54.12
9p7g_SI,54.12
9p7w_SI,54.12
9p7y_SI,54.12
9pkg_SI,54.12
9y42_II,54.12
9y49_AI,54.12
9y4g_AI,54.12
9hs2_A,54.15
9hs2_B,54.15
9hs2_C,54.15
9hs2_D,54.15
9cpa_K,54.17
9lut_L,54.26
9ibq_A,54.35
9rve_D,54.38
9dgq_q,54.40
9dgq_r,54.40
9wai_D,54.44
9sob_P16,54.50
9sob_P8,54.50
9sob_P,54.50
9lut_F,54.53
9hb7_A,54.56
9hb7_B,54.56
9fq7_4L,54.56
9fq7_4l,54.56
9fzl_4L,54.56
9fzl_4l,54.56
7iaq_B,54.58
7iaq_D,54.58
7ias_B,54.58
7ias_D,54.58
7ib3_B,54.58
7ib3_D,54.58
9rgg_B,54.58
9rgg_D,54.58
9krj_A,54.66
9krj_B,54.66
9t0m_A,54.66
9rmc_R,54.67
9rn1_R,54.67
9i2d_CZ,54.69
9gld_AA,54.70
9gld_AG,54.70
9gld_BA,54.70
9gld_BG,54.70
9gld_CG,54.70
9gld_DA,54.70
9q9i_F,54.75
9q9j_F,54.75
9n70_SY,54.81
9n77_SY,54.81
9pgi_2,54.88
9prx_2,54.88
9h22_L,54.89
9qqa_Au,54.89
9lut_G,54.91
9r0w_A,54.93
9r0w_B,54.93
9r0w_C,54.93
9r0w_D,54.93
9r0w_E,54.93
9j1x_A,54.95
9cf8_V,55.01
9hdg_A,55.02
9fq7_4V,55.03
9fq7_4v,55.03
9fzl_4V,55.03
9fzl_4v,55.03
9ubx_K,55.05
9ubx_k,55.05
9ubx_x,55.05
9jbe_A,55.05
9jbe_B,55.05
9pgi_i,55.12
9prx_i,55.12
8uxa_c,55.15
8y7v_A,55.16
9dn1_H,55.18
9dn1_I,55.18
9dn1_J,55.18
9dn1_K,55.18
9dn1_L,55.18
9dn1_M,55.18
9dn1_N,55.18
9dn1_O,55.18
9dn1_P,55.18
9dn1_Q,55.18
9dn1_R,55.18
9omv_B,55.21
9nxp_A,55.28
9nxp_B,55.28
9nxp_C,55.28
9y31_C,55.34
9y31_E,55.34
9y31_H,55.34
9r8t_A,55.41
9scw_4,55.42
9scw_D,55.42
9scw_H,55.42
9scw_L,55.42
9scw_P,55.42
9scw_T,55.42
9scw_X,55.42
9scw_b,55.42
9scw_f,55.42
9scw_j,55.42
9n88_B,55.42
9n88_F,55.42
8uxa_B,55.43
9c4k_Q,55.50
9igu_Y,55.51
9pgi_AY,55.51
9prx_AY,55.51
9lti_L,55.52
9h79_A,55.53
9h79_C,55.53
9h79_E,55.53
9h79_G,55.53
8vvv_VV,55.56
9i2d_SV,55.56
9kn6_SV,55.56
9m0p_SV,55.56
9p76_SV,55.56
9p7g_SV,55.56
9p7w_SV,55.56
9p7y_SV,55.56
9pkg_SV,55.56
9s3b_SV,55.56
9yq1_VV,55.56
9l8x_A,55.58
9l8x_B,55.58
9gyg_A,55.65
9gyg_B,55.65
9qee_D,55.65
8zod_2,55.66
8zoi_2,55.66
9n70_ND,55.78
9n77_ND,55.78
9yda_A,55.81
9gml_A,55.81
9o5a_C,55.88
9jko_A,55.88
9jko_B,55.88
9o5a_H,55.89
8uxa_S,55.89
9fzl_2V,55.89
9fzl_2v,55.89
9hu5_C,55.90
9nq7_T,55.93
8uxa_AK,55.94
8uxa_R,55.94
9k7f_H,55.97
9kdo_H,55.97
9n2d_D,55.98
9gg7_C,55.98
9gg7_P,55.98
9fq7_2V,55.98
9fq7_2v,55.98
9lis_A,56.01
9rxm_D,56.01
8uxa_AG,56.02
9hgd_B,56.07
9hgd_D,56.07
9n70_NC,56.10
8uxa_V,56.10
9igu_S,56.22
9pgi_AS,56.22
9prx_AS,56.22
9ay3_A,56.25
9ay3_B,56.25
9ay3_C,56.25
9ay3_D,56.25
9ay3_E,56.25
9ay3_F,56.25
9ay3_G,56.25
9ay3_H,56.25
9ay3_I,56.25
9ay3_J,56.25
9ay3_K,56.25
9ay3_L,56.25
9ay3_M,56.25
9ay3_N,56.25
9ay3_O,56.25
9ay3_P,56.25
9ay3_Q,56.25
9ay3_R,56.25
9sob_K16,56.31
9sob_K8,56.31
9sob_K,56.31
9zkf_A,56.32
9n77_SV,56.32
9bxv_9,56.44
9bxv_y,56.44
9c7h_9,56.44
9c7h_y,56.44
9c9t_S,56.52
9rsx_N2,56.52
9vmq_A,56.58
9vmq_B,56.58
9vmq_C,56.58
9vmq_D,56.58
9fq7_3D,56.59
9fq7_3d,56.59
9fzl_3D,56.59
9fzl_3d,56.59
9g9l_C,56.60
9qms_L,56.60
9qms_N,56.60
9qms_l,56.60
9qms_n,56.60
9vnm_0,56.67
9vnm_1,56.67
9vnm_2,56.67
9vnm_3,56.67
9vnm_4,56.67
9vnm_5,56.67
9vnm_6,56.67
9vnm_7,56.67
9vnm_A,56.67
9vnm_B,56.67
9vnm_C,56.67
9vnm_D,56.67
9vnm_E,56.67
9vnm_F,56.67
9vnm_G,56.67
9vnm_H,56.67
9vnm_I,56.67
9vnm_J,56.67
9vnm_K,56.67
9vnm_L,56.67
9vnm_M,56.67
9vnm_N,56.67
9vnm_O,56.67
9vnm_P,56.67
9vnm_Q,56.67
9vnm_R,56.67
9vnm_S,56.67
9vnm_T,56.67
9vnm_U,56.67
9vnm_V,56.67
9vnm_W,56.67
9vnm_X,56.67
9vnm_Y,56.67
9vnm_Z,56.67
9vnm_a,56.67
9vnm_b,56.67
9vnm_c,56.67
9vnm_d,56.67
9vnm_e,56.67
9vnm_f,56.67
9vnm_g,56.67
9vnm_h,56.67
9vnm_i,56.67
9vnm_j,56.67
9vnm_k,56.67
9vnm_l,56.67
9vnm_m,56.67
9vnm_n,56.67
9vnm_o,56.67
9vnm_p,56.67
9vnm_q,56.67
9vnm_r,56.67
9vnm_s,56.67
9vnm_t,56.67
9vnm_u,56.67
9vnm_v,56.67
9vnm_w,56.67
9vnm_x,56.67
9vnm_y,56.67
9vnm_z,56.67
9m77_K,56.74
9h6i_AY,56.86
9qxx_E,56.89
9qxx_J,56.89
9hjp_A,56.91
9hjp_B,56.91
9lti_H,56.92
9qdi_A,56.98
9qdi_B,56.98
9qdi_C,56.98
9qdi_D,56.98
9qdi_E,56.98
9qdi_F,56.98
9qdi_G,56.98
9qdi_H,56.98
9sob_H16,56.99
9sob_H24,56.99
9sob_H8,56.99
9sob_H,56.99
9fq7_40,57.04
9fq7_41,57.04
9fzl_40,57.04
9fzl_41,57.04
9n70_NV,57.05
9n77_NV,57.05
9ltj_F,57.05
9ltr_I,57.05
9ltr_P,57.05
9ltz_F,57.05
9m0y_j,57.05
9m0y_n,57.05
8ywb_B,57.06
9cg3_F,57.10
9cg3_S,57.10
9hzl_F,57.10
9hzl_S,57.10
9vkw_D,57.10
9im7_B,57.10
9ne4_A,57.12
9sob_T16,57.12
9sob_T8,57.12
9sob_T,57.12
9zz6_A,57.13
8vvv_ee,57.18
9nfb_C,57.20
9igu_D,57.21
9pgi_AD,57.21
9prx_AD,57.21
9hyo_D,57.22
9sv3_E,57.22
9i2d_SI,57.24
9kn6_SI,57.24
9m0p_SI,57.24
9mr4_CC,57.24
9qqa_Ah,57.24
9s3b_SI,57.24
9yq1_II,57.24
9mr4_EH,57.24
9v7l_M,57.24
9bwd_R,57.39
9bxv_R,57.39
9ook_g,57.42
9ook_i,57.42
9ook_k,57.42
9c13_E,57.42
8uxa_Q,57.43
9mng_B,57.47
9mng_C,57.47
9n70_LH,57.48
9n77_LH,57.48
8uxa_M,57.48
9nby_B,57.51
9nby_D,57.51
9nby_F,57.51
9nc8_B,57.51
9nc8_D,57.51
9nc8_F,57.51
9lnj_A,57.55
9ltj_A,57.56
9ltr_D,57.56
9ltr_H,57.56
9ltz_R,57.56
9m0y_R,57.56
9m0y_U,57.56
9sob_A16,57.59
9sob_A24,57.59
9sob_A32,57.59
9sob_A40,57.59
9ihe_K,57.60
9ihe_M,57.60
8vvv_b,57.66
9mr4_b,57.66
9qqa_Bb,57.66
9yq1_b,57.66
9mja_B,57.69
9e0n_8,57.69
9h6i_AG,57.77
9x1l_G,57.79
9x1l_H,57.79
9lza_A,57.81
9lza_B,57.81
9cpa_X,57.89
9jr9_A,57.89
9jr9_B,57.89
9igu_a,57.98
9jdk_A,57.98
9jdk_B,57.98
9jdk_C,57.98
9jdk_D,57.98
9jdk_E,57.98
9jdk_F,57.98
9le8_AR,57.99
9le8_q,57.99
9fq7_4S,58.02
9fq7_4s,58.02
9fzl_4S,58.02
9fzl_4s,58.02
9l0m_B,58.05
9l0m_C,58.05
9l0m_D,58.05
9lz9_A,58.07
9lz9_B,58.07
9y49_AV,58.09
9y4g_AV,58.09
9h6i_AR,58.13
9ddx_A,58.14
9ddx_B,58.14
9ddx_C,58.14
9vew_C,58.15
9edt_D,58.17
9pgi_3,58.21
9prx_3,58.21
9pq3_A,58.23
9pq3_B,58.23
9pq3_F,58.23
9lvk_C,58.24
9lvk_M,58.24
9ejl_A,58.24
9ejm_A,58.24
9lgq_C,58.25
9pgi_r,58.25
9prx_r,58.25
9mvr_A,58.25
9mvr_B,58.25
9e0v_B,58.27
9j4t_C,58.28
9f13_C,58.29
9z6u_G,58.30
9z6u_H,58.30
9scw_2,58.31
9scw_5,58.31
9scw_9,58.31
9scw_AD,58.31
9scw_AH,58.31
9scw_AL,58.31
9scw_AP,58.31
9scw_B,58.31
9scw_F,58.31
9scw_J,58.31
9scw_N,58.31
9scw_R,58.31
9scw_V,58.31
9scw_Z,58.31
9scw_d,58.31
9scw_h,58.31
9scw_l,58.31
9scw_p,58.31
9scw_t,58.31
9scw_x,58.31
9h6i_AV,58.34
9n70_SQ,58.35
9n77_SQ,58.35
9i2d_Lj,58.36
9m0p_Lj,58.36
9mr4_j,58.36
9qqa_Bj,58.36
9s3b_Lj,58.36
9yq1_j,58.36
7iaq_A,58.38
7iaq_C,58.38
7ias_A,58.38
7ias_C,58.38
7ib3_A,58.38
7ib3_C,58.38
9rgg_A,58.38
9rgg_C,58.38
9z9h_A,58.39
9z9h_B,58.39
9z9h_C,58.39
9z9h_D,58.39
9z9h_E,58.39
9z9h_F,58.39
9z9h_G,58.39
9z9h_H,58.39
9z9h_I,58.39
9z9h_J,58.39
9z9h_K,58.39
9z9h_L,58.39
9lvk_A,58.43
9lvk_B,58.43
9lvk_K,58.43
9lvk_L,58.43
9rv5_B,58.44
9rv5_D,58.44
9lpa_B,58.48
9lpa_E,58.48
9lpa_I,58.48
9lpa_M,58.48
9pgi_o,58.53
9prx_o,58.53
9kn6_Se,58.54
9m0p_Se,58.54
9y4g_Ae,58.54
8zod_f,58.55
8zoi_f,58.55
9h6i_BV,58.58
9pgi_l,58.60
9prx_l,58.60
9f79_C,58.60
8z5x_Am,58.61
8z5x_An,58.61
8z5x_Ao,58.61
8z5x_Ap,58.61
8z5x_Aq,58.61
9l3i_D,58.61
9l3i_I,58.61
9l3i_Z,58.61
9le8_9,58.64
9le8_AA,58.64
9le8_AC,58.64
9le8_AE,58.64
9irs_a,58.82
9irs_b,58.82
9p76_Se,58.83
9p7g_Se,58.83
9p7w_Se,58.83
9p7y_Se,58.83
9pkg_Se,58.83
9g9l_B,58.84
9qms_K,58.84
9qms_M,58.84
9qms_k,58.84
9qms_m,58.84
9e2d_K,58.84
9e2d_U,58.84
9e2d_W,58.84
9e2d_Y,58.84
9e2q_K,58.84
9e2q_U,58.84
9e2q_W,58.84
9e2q_Y,58.84
9e2r_K,58.84
9e2r_U,58.84
9e2r_W,58.84
9e2r_Y,58.84
9ke8_A,58.84
9ke8_B,58.84
9hui_A,58.89
9hui_B,58.89
9dgv_K,58.90
9yng_K,58.90
9lkl_D,58.92
9lkl_E,58.92
9lkl_I,58.92
9lkl_J,58.92
9o04_C,58.93
9o04_G,58.93
9lmq_A,58.96
9lmq_B,58.96
9lmq_C,58.96
9lmq_D,58.96
9lmq_G,58.96
9lmq_H,58.96
9lmq_I,58.96
9lmq_J,58.96
8v9t_V,58.99
8v9t_W,58.99
8v9t_X,58.99
8v9t_Y,58.99
8v9t_Z,58.99
9oa2_U,58.99
9oa2_V,58.99
9oa2_W,58.99
9oa2_X,58.99
9oa2_Y,58.99
9oa2_Z,58.99
9giu_A,59.01
9n0q_B,59.07
9n0q_C,59.07
9n0q_D,59.07
9n0q_E,59.07
9n0r_B,59.07
9n0r_C,59.07
9n0r_D,59.07
9n0r_E,59.07
9cpa_k,59.08
9bwd_b,59.08
9pxf_G,59.09
9pxf_H,59.09
9pxf_I,59.09
9bfc_J,59.14
9jtn_A,59.16
9v7l_C,59.16
9v7l_E,59.16
9v7l_G,59.16
9v7l_I,59.16
9v7l_K,59.16
9v7l_N,59.16
9v7l_P,59.16
9v7l_R,59.16
9v7l_T,59.16
9v7l_V,59.16
9v7l_X,59.16
9v7l_a,59.16
9scw_0,59.17
9scw_1,59.17
9scw_8,59.17
9scw_AC,59.17
9scw_AG,59.17
9scw_AK,59.17
9scw_AO,59.17
9scw_A,59.17
9scw_E,59.17
9scw_I,59.17
9scw_M,59.17
9scw_Q,59.17
9scw_U,59.17
9scw_Y,59.17
9scw_c,59.17
9scw_g,59.17
9scw_k,59.17
9scw_o,59.17
9scw_s,59.17
9scw_w,59.17
9pgi_Q,59.19
9prx_Q,59.19
9y49_Ae,59.22
9igu_3,59.24
9pgi_A3,59.24
9prx_A3,59.24
9os2_B,59.30
9bwd_c,59.30
9bxv_c,59.30
9fzl_2S,59.33
9fzl_2s,59.33
9y4g_Cj,59.34
9xph_H,59.40
9bwd_C,59.45
9bxv_C,59.45
9mmq_A,59.47
9fq7_3H,59.48
9fq7_3h,59.48
9fzl_3H,59.48
9fzl_3h,59.48
9j54_A,59.49
9j54_C,59.49
8uxa_AD,59.53
9bwd_Z,59.54
9bxv_Z,59.54
9y49_Cj,59.55
9mne_A,59.55
9mne_B,59.55
9fq7_3F,59.58
9fq7_3f,59.58
9fzl_3F,59.58
9fzl_3f,59.58
9fq7_4I,59.61
9fq7_4i,59.61
9fzl_4I,59.61
9fzl_4i,59.61
9n40_A,59.63
9n40_B,59.63
9n40_C,59.63
9n41_A,59.63
9n41_B,59.63
9n41_C,59.63
9q1d_A,59.63
9q1d_B,59.63
9q1d_C,59.63
8vvv_j,59.64
9p76_Lj,59.64
9p7g_Lj,59.64
9p7w_Lj,59.64
9p7y_Lj,59.64
9pkg_Lj,59.64
9y42_j,59.64
9slj_L,59.67
9slj_O,59.67
9sob_E8,59.67
9sob_E,59.67
8uxa_6,59.71
9n70_ST,59.71
9n77_ST,59.71
9n79_ST,59.71
9wri_C,59.73
9xvf_A,59.79
9xvf_B,59.79
9v7l_Z,59.79
8uxa_J,59.81
9hnq_A,59.82
9hnq_D,59.82
9fyx_F,59.82
9qeq_F,59.82
9j6h_A7,59.83
9kn6_3c,59.83
9q79_B,59.84
9q79_D,59.84
9q79_F,59.84
9q79_H,59.84
9uzo_F,59.87
9uzo_f,59.87
9p76_SB,59.88
9p7g_SB,59.88
9p7w_SB,59.88
9p7y_SB,59.88
9pkg_SB,59.88
9j6h_B8,59.89
9sob_A48,59.93
9sob_A,59.93
9n70_NI,59.94
9dgv_M,59.96
9dgv_N,59.96
9dgv_P,59.96
9dgv_Q,59.96
9yng_M,59.96
9yng_N,59.96
9yng_P,59.96
9yng_Q,59.96
9mqe_P,59.96
9h4p_PA,59.97
9h4p_PB,59.97
9h4p_PC,59.97
9h4p_PD,59.97
9h4p_PE,59.97
9h4p_PF,59.97
9h4p_PG,59.97
9h4p_PH,59.97
9h4p_PI,59.97
9h4p_PJ,59.97
9h4p_PK,59.97
9h4p_PL,59.97
9fq7_4K,59.98
9fq7_4k,59.98
9fzl_4K,59.98
9fzl_4k,59.98
9oyt_A,60.03
9oyt_B,60.03
9oyt_C,60.03
9oyt_D,60.03
9oyt_E,60.03
9oyt_F,60.03
9oyt_G,60.03
9oyt_H,60.03
9oyt_I,60.03
9oyt_J,60.03
9oyt_K,60.03
9oyt_L,60.03
9oyt_M,60.03
9oyt_N,60.03
9oyt_O,60.03
9oyt_P,60.03
9oyt_Q,60.03
9oyt_R,60.03
8uxa_AJ,60.03
9zz6_D,60.04
9n96_D,60.13
9h6i_BJ,60.24
9phw_V,60.26
9phw_v,60.26
9i2d_LC,60.27
9m0p_LC,60.27
9s3b_LC,60.27
9xqr_A,60.31
9xqr_B,60.31
9xqr_C,60.31
8uxa_P,60.34
9ime_A,60.46
9ime_B,60.46
8uxa_K,60.46
9ifm_R,60.51
9ifm_r,60.51
9ejl_C,60.52
9ejm_C,60.52
9kkv_A,60.52
9kkv_B,60.52
9pxf_A,60.55
9pxf_B,60.55
9pxf_C,60.55
9mr4_e,60.61
9o1x_B,60.61
9o26_B,60.61
9o2d_B,60.61
9uzo_E,60.62
9uzo_e,60.62
9mw4_A,60.62
9z81_A,60.67
9z81_B,60.67
9z81_C,60.67
9z81_D,60.67
9z81_E,60.67
9z81_F,60.67
9z81_G,60.67
9z81_H,60.67
9z81_I,60.67
9z81_J,60.67
9z81_K,60.67
9z81_L,60.67
9z8m_A,60.67
9z8m_B,60.67
9z8m_C,60.67
9z8m_D,60.67
9z8m_E,60.67
9z8m_F,60.67
9z8m_G,60.67
9z8m_H,60.67
9z8m_I,60.67
9z8m_J,60.67
9z8m_K,60.67
9z8m_L,60.67
9z9g_A,60.67
9z9g_B,60.67
9z9g_C,60.67
9z9g_D,60.67
9z9g_E,60.67
9z9g_F,60.67
9z9g_G,60.67
9z9g_H,60.67
9z9g_I,60.67
9z9g_J,60.67
9z9g_K,60.67
9z9g_L,60.67
9mqe_A,60.68
8uxa_AH,60.69
9qjo_A,60.70
9qjo_C,60.70
9qeq_j,60.71
9h6i_Pa,60.72
9cpa_j,60.74
9pgi_0,60.75
9prx_0,60.75
9le8_0,60.78
9le8_AD,60.78
9qo5_P,60.81
9bwd_M,60.86
9bxv_M,60.86
9oyw_A,60.91
9oyw_B,60.91
9oyw_C,60.91
9oyw_D,60.91
9oyw_E,60.91
9oyw_F,60.91
9oyw_G,60.91
9oyw_H,60.91
9oyw_I,60.91
9oyw_J,60.91
9oyw_K,60.91
9oyw_L,60.91
9oyw_M,60.91
9oyw_N,60.91
9oyw_O,60.91
9oyw_P,60.91
9oyw_Q,60.91
9oyw_R,60.91
9oyw_S,60.91
9oyw_T,60.91
9oyw_U,60.91
9oyw_V,60.91
9oyw_W,60.91
9oyw_X,60.91
9oyw_Y,60.91
9oyw_Z,60.91
9oyw_a,60.91
9oyw_b,60.91
9oyw_c,60.91
9oyw_d,60.91
9oyw_e,60.91
9oyw_f,60.91
9oyw_g,60.91
9oyw_h,60.91
9oyw_i,60.91
9oyw_j,60.91
9igu_O,60.96
9pgi_AO,60.96
9prx_AO,60.96
9os2_C,60.96
9os2_D,60.96
9mvk_A,60.98
9mvk_B,60.98
9mvk_C,60.98
9mvk_D,60.98
9n2d_C,60.98
9qqa_BC,61.02
9rs9_A,61.02
9q9j_D,61.03
9q9j_E,61.03
9cpa_p,61.03
9cp3_A,61.05
9cp3_B,61.05
9cp3_C,61.05
9cp3_D,61.05
9cp3_E,61.05
9crp_A,61.05
9crp_B,61.05
9crp_C,61.05
9crp_D,61.05
9crp_E,61.05
9crp_F,61.05
9crq_A,61.05
9crq_B,61.05
9crq_C,61.05
9crq_D,61.05
9crq_E,61.05
8vvv_E,61.09
9mr4_E,61.09
9qqa_BE,61.09
9yq1_E,61.09
9bwd_s,61.12
9bxv_s,61.12
9yq1_C,61.13
8uxa_b,61.16
9pgi_4,61.16
9prx_4,61.16
9fq7_31,61.17
9qdi_I,61.18
9qdi_J,61.18
9qdi_K,61.18
9qdi_L,61.18
9rmc_P,61.20
9rn1_P,61.20
9y42_L,61.21
9t4r_c,61.22
9kfi_C,61.23
9lts_L,61.26
9q9i_D,61.27
9q9i_E,61.27
9i2d_LE,61.28
9m0p_LE,61.28
9s3b_LE,61.28
9h6i_BK,61.31
9c4k_C,61.32
9c4k_F,61.32
9c4k_I,61.32
9c4k_L,61.32
9c4k_O,61.32
9igu_C,61.32
9pgi_AC,61.32
9prx_AC,61.32
9s3b_CZ,61.33
9wai_C,61.37
9uxg_C,61.38
9pgi_Z,61.39
9prx_Z,61.39
9lts_H,61.40
9y49_CL,61.44
9pmk_A,61.46
9pmk_B,61.46
9pmk_C,61.46
9pmk_D,61.46
9n70_LI,61.47
9n77_LI,61.47
9mr4_L,61.49
8vvv_C,61.50
9mr4_C,61.50
9y42_ee,61.52
9mr4_l,61.56
9qqa_Bl,61.56
9yq1_l,61.56
9v1j_si,61.56
9kci_C,61.70
9pgi_8,61.71
9prx_8,61.71
9e7v_J,61.71
9h6i_BT,61.73
9kug_D,61.74
9kxs_D,61.74
9kz2_D,61.74
9mvl_A,61.74
9o6k_B,61.74
9v6j_A,61.76
9v6j_B,61.76
9v6j_C,61.76
9v6j_D,61.76
9v6j_E,61.76
9v6j_F,61.76
9v6j_G,61.76
9v6j_H,61.76
9ocl_3,61.80
9qtp_E,61.82
9y49_CI,61.85
9pd3_A,61.92
9pd4_A,61.92
9p76_Lb,61.94
9p7g_Lb,61.94
9pkg_Lb,61.94
9hnj_A,61.99
9ntq_A,62.01
9j6h_V3,62.05
9nq7_B,62.05
8vvv_l,62.11
9y42_l,62.11
9pdl_c,62.16
9pf1_c,62.16
9y4g_CC,62.16
9fy7_A,62.19
9fy7_B,62.19
9m0r_L,62.24
9iyv_A,62.29
9e04_B,62.32
9e04_D,62.32
9e04_F,62.32
9rn4_E,62.34
9rn4_F,62.34
9rn4_G,62.34
9rn4_H,62.34
9mqr_A,62.36
9bwd_G,62.40
9bxv_G,62.40
9lut_K,62.41
9i2d_Lb,62.45
9m0p_Lb,62.45
9s3b_Lb,62.45
9i54_R,62.45
9gt1_A,62.45
9gt1_B,62.45
9gt3_A,62.45
9gt3_B,62.45
9gt6_A,62.45
9gt6_B,62.45
9lp6_A,62.54
9lp6_B,62.54
9lp6_C,62.54
9pgi_b,62.57
9prx_b,62.57
9bwd_F,62.57
9bxv_F,62.57
9n70_LV,62.59
9hdh_C,62.60
9bwd_T,62.62
9bxv_T,62.62
9cf8_R,62.64
9c8e_A,62.64
9c8e_B,62.64
9c8e_C,62.64
9c8e_D,62.64
9c8e_E,62.64
9c8e_F,62.64
9c8e_G,62.64
9c8e_H,62.64
9c8e_I,62.64
9c8e_J,62.64
9c8e_K,62.64
9w56_A,62.65
9w56_D,62.65
9w56_G,62.65
9w56_J,62.65
9pgi_m,62.65
9prx_m,62.65
9y49_CC,62.69
9lut_3,62.70
9oxe_C,62.71
9oxs_C,62.71
9hnq_B,62.71
9hnq_C,62.71
9hnq_E,62.71
9j6h_S6,62.74
9i97_C,62.74
9jt8_A,62.75
9jt8_B,62.75
9jt8_C,62.75
9lut_2,62.81
9i2d_Le,62.84
9m0p_Le,62.84
9qqa_Be,62.84
9s3b_Le,62.84
9yq1_e,62.84
9bwd_p,62.88
9bxv_p,62.88
9pgi_Y,62.89
9prx_Y,62.89
8uxa_T,62.92
9fq7_4A,62.98
9fq7_4a,62.98
9fzl_4A,62.98
9fzl_4a,62.98
9pgi_E,63.00
9prx_E,63.00
9jpx_B,63.10
9jpx_D,63.10
9kx0_A,63.20
9fqt_A,63.21
9fy3_C,63.21
9pgi_6,63.22
9prx_6,63.22
9lh4_A,63.22
9qeq_b,63.23
9h6i_Ea,63.25
9scw_3,63.27
9scw_6,63.27
9scw_AA,63.27
9scw_AE,63.27
9scw_AI,63.27
9scw_AM,63.27
9scw_AQ,63.27
9scw_C,63.27
9scw_G,63.27
9scw_K,63.27
9scw_O,63.27
9scw_S,63.27
9scw_W,63.27
9scw_a,63.27
9scw_e,63.27
9scw_i,63.27
9scw_m,63.27
9scw_q,63.27
9scw_u,63.27
9scw_y,63.27
9h6i_Ma,63.30
9irs_d,63.33
9e7v_F,63.35
9kz2_C,63.35
9sob_F16,63.36
9sob_F24,63.36
9sob_F8,63.36
9sob_F,63.36
9n88_D,63.38
9n88_H,63.38
9sob_V,63.43
9r7f_A,63.45
9mtn_A,63.48
9mtn_B,63.48
9mtn_C,63.48
9mtn_K,63.48
9nyu_A,63.48
9nyu_K,63.48
9mr4_G,63.57
9nyg_C,63.57
9ncn_C,63.57
9ncn_D,63.57
9igu_W,63.62
9pgi_AW,63.62
9prx_AW,63.62
9p76_LL,63.63
9p7g_LL,63.63
9p7w_LL,63.63
9p7y_LL,63.63
9pkg_LL,63.63
9y4g_CL,63.63
9i2d_LL,63.65
9m0p_LL,63.65
9s3b_LL,63.65
9i2d_Lp,63.66
9m0p_Lp,63.66
9mr4_p,63.66
9qqa_Bp,63.66
9s3b_Lp,63.66
9yq1_p,63.66
9y49_Ce,63.67
9n70_LW,63.70
9crp_G,63.72
9crq_G,63.72
9q3i_A,63.72
8uxa_a,63.74
9n70_LS,63.74
9n77_LS,63.74
9v7k_A,63.74
9v7k_C,63.74
9v7k_E,63.74
9v7k_G,63.74
9v7k_I,63.74
9v7k_K,63.74
9y4g_CE,63.76
9fq7_4F,63.78
9fq7_4f,63.78
9le8_AO,63.80
9le8_j,63.80
9y4g_Ce,63.83
8vvv_G,63.84
9yq1_G,63.84
9bwd_e,63.85
9bxv_e,63.85
9v1j_sB,63.86
9igu_G,63.88
9pgi_AG,63.88
9prx_AG,63.88
8vvv_e,63.91
9p76_Le,63.91
9p7g_Le,63.91
9p7w_Le,63.91
9p7y_Le,63.91
9pkg_Le,63.91
9y42_e,63.91
9rcv_B,63.94
9rcv_F,63.94
9o6k_H,63.95
8zod_4,63.95
8zoi_4,63.95
9v7k_B,63.96
9v7k_D,63.96
9v7k_F,63.96
9v7k_H,63.96
9v7k_J,63.96
9v7k_L,63.96
9pgi_X,63.97
9prx_X,63.97
9w9i_B,63.97
9sop_A,63.98
9sop_B,63.98
9e0n_C,64.00
9cp3_G,64.01
9fqm_A,64.02
9fqm_B,64.02
9fqm_C,64.02
9fqm_D,64.02
9fqm_E,64.02
9fqm_F,64.02
9fqm_G,64.02
9fqm_H,64.02
9h4p_B1,64.04
9h4p_B2,64.04
9h4p_B3,64.04
9h4p_B4,64.04
9h4p_B5,64.04
9h4p_B6,64.04
9h4p_P1,64.04
9h4p_P2,64.04
9h4p_P3,64.04
9h4p_P4,64.04
9h4p_P5,64.04
9h4p_P6,64.04
9h4p_S1,64.04
9h4p_S2,64.04
9h4p_SA,64.04
9h4p_SB,64.04
9h4p_SC,64.04
9h4p_SD,64.04
9h4p_SE,64.04
9h4p_SF,64.04
9h4p_SG,64.04
9h4p_SH,64.04
9h4p_SI,64.04
9h4p_SJ,64.04
9h4p_SK,64.04
9h4p_SL,64.04
9h4p_SM,64.04
9h4p_SN,64.04
9h4p_SO,64.04
9h4p_SP,64.04
9h4p_SQ,64.04
9h4p_SR,64.04
9h4p_SS,64.04
9h4p_ST,64.04
9h4p_SU,64.04
9h4p_SV,64.04
9h4p_SW,64.04
9h4p_SX,64.04
9h4p_SY,64.04
9h4p_SZ,64.04
9h4p_Sa,64.04
9h4p_Sb,64.04
9h4p_Sc,64.04
9h4p_Sd,64.04
9h4p_Se,64.04
9h4p_Sf,64.04
9h4p_Sg,64.04
9h4p_Sh,64.04
9h4p_Si,64.04
9h4p_Sj,64.04
9h4p_Sk,64.04
9h4p_Sl,64.04
9h4p_Sm,64.04
9h4p_Sn,64.04
9h4p_So,64.04
9h4p_Sp,64.04
9h4p_Sq,64.04
9h4p_Sr,64.04
9h4p_Ss,64.04
9h4p_St,64.04
9h4p_Su,64.04
9h4p_Sv,64.04
9h4p_Sw,64.04
9h4p_Sx,64.04
9h4p_Sy,64.04
9h4p_Sz,64.04
9fy3_5,64.09
9n70_LO,64.09
9n77_LO,64.09
9pfd_C,64.10
21hj_B,64.12
8vvv_L,64.13
9qqa_BL,64.13
9yq1_L,64.13
9w9i_D,64.17
9fpj_X,64.19
9fpk_X,64.19
9xph_I,64.19
9xph_K,64.19
9xph_M,64.19
9jpe_A,64.19
9v1j_sh,64.23
9y42_C,64.23
9e07_B,64.23
9e07_D,64.23
9e07_F,64.23
9vdv_A,64.24
9vdv_B,64.24
9vdv_C,64.24
9vdv_D,64.24
9vdv_E,64.24
9vdv_F,64.24
9n4q_E,64.25
9n4q_F,64.25
9le8_AB,64.30
9le8_AF,64.30
9qec_A,64.30
9qee_A,64.30
9lqh_A,64.32
9lqh_B,64.32
9lqh_C,64.32
9w9i_A,64.35
9rmc_M,64.36
9rn1_M,64.36
9pd3_E,64.36
9pd4_E,64.36
9j6h_B9,64.36
9oij_A,64.36
9oij_B,64.36
9y49_Cl,64.37
9oi8_A,64.38
8vvv_p,64.47
9p76_Lp,64.47
9p7g_Lp,64.47
9p7w_Lp,64.47
9p7y_Lp,64.47
9pkg_Lp,64.47
9y42_p,64.47
9p76_CI,64.50
9p7g_CI,64.50
9p7w_CI,64.50
9p7y_CI,64.50
9pkg_CI,64.50
9i2d_LI,64.56
9m0p_LI,64.56
9s3b_LI,64.56
9neq_A,64.58
9neq_B,64.58
9neq_C,64.58
9lup_A,64.59
9rju_B,64.61
9rjw_B,64.61
9kdo_M,64.64
9kdo_O,64.64
9cpa_q,64.72
9mt4_F,64.73
9mwb_A,64.75
9mwb_B,64.75
9mwb_C,64.75
9mwb_D,64.75
9q4m_A,64.75
9q4m_B,64.75
9q4m_C,64.75
9q4m_D,64.75
9q4n_A,64.75
9q4n_B,64.75
9q4n_C,64.75
9q4n_D,64.75
9qf5_BA,64.79
9ovq_A,64.85
9ifm_Y,64.89
9ifm_y,64.89
9dxo_A,64.93
9fq7_4U,64.93
9fq7_4u,64.93
9fzl_4U,64.93
9fzl_4u,64.93
9y49_Cp,64.95
9y4g_Cp,64.96
8uxa_k,64.96
9j4p_A,64.97
9umj_C,64.98
9q4q_A,64.99
9pnj_A,65.00
9pnj_B,65.00
9d36_A,65.00
9fq7_2S,65.00
9fq7_2s,65.00
9bwd_U,65.04
9bxv_U,65.04
9mxj_A,65.05
9r87_A2,65.05
9r87_A3,65.05
9r87_A4,65.05
9r87_A,65.05
9r87_Ar,65.05
9r87_As,65.05
9r87_At,65.05
9r87_Au,65.05
9r87_Av,65.05
9r87_Aw,65.05
9r87_Ax,65.05
9r87_Ay,65.05
9r87_Az,65.05
9r87_B,65.05
9r87_C,65.05
9r87_D,65.05
9r87_E,65.05
9r87_F,65.05
9r87_G,65.05
9r87_H,65.05
9r87_I,65.05
9r87_J,65.05
9r87_K,65.05
9r87_L,65.05
9r87_M,65.05
9r87_N,65.05
9r87_P,65.05
9r87_Q,65.05
9r87_R,65.05
9r87_S,65.05
9r87_T,65.05
9r87_U,65.05
9r87_V,65.05
9r87_W,65.05
9r87_X,65.05
9r87_Y,65.05
9r87_Z,65.05
9mxj_B,65.06
9r87_A1,65.06
9r87_O,65.06
9pd3_Q,65.06
9pd4_Q,65.06
9vub_A,65.09
9vub_B,65.09
9vub_C,65.09
9vub_D,65.09
9z5n_A,65.09
9z5n_B,65.09
9z5n_C,65.09
9z5n_D,65.09
9z5n_E,65.09
9z5n_F,65.09
9z5n_G,65.09
9z5n_H,65.09
9z5n_I,65.09
9z5n_J,65.09
9z5n_K,65.09
9z5n_L,65.09
9z5n_M,65.09
9z5n_N,65.09
9z5n_O,65.09
9z5n_P,65.09
9z5n_Q,65.09
9z5n_R,65.09
9z5n_S,65.09
9z5n_T,65.09
9z5n_U,65.09
9z5n_V,65.09
9z5n_W,65.09
9z5n_X,65.09
9z5n_Y,65.09
9z5n_Z,65.09
9z5n_a,65.09
9z5n_b,65.09
9z5n_c,65.09
9z5n_d,65.09
9z5n_e,65.09
9z5n_f,65.09
9z5n_g,65.09
9z5n_h,65.09
9z5n_i,65.09
9z5n_j,65.09
9z5n_k,65.09
9z5n_l,65.09
9z5n_m,65.09
9ux1_A,65.09
9ux1_B,65.09
9ux2_A,65.09
9l21_A,65.11
9l23_A,65.11
9j6h_N6,65.11
8vvv_I,65.18
9mr4_I,65.18
9qqa_BI,65.18
9yq1_I,65.18
9mwq_A,65.20
9mwq_B,65.20
9mwq_C,65.20
9mwq_D,65.20
9mwr_A,65.20
9mwr_B,65.20
9mwr_C,65.20
9mwr_D,65.20
9mz1_A,65.20
9mz1_B,65.20
9mz1_C,65.20
9mz1_D,65.20
9mz4_A,65.20
9mz4_B,65.20
9mz4_C,65.20
9mz4_D,65.20
9q52_A,65.20
9q52_B,65.20
9q52_C,65.20
9q52_D,65.20
9q55_A,65.20
9q55_B,65.20
9q55_C,65.20
9q55_D,65.20
9y42_I,65.23
9kfs_A,65.30
9i2d_NB,65.30
9mr4_EF,65.30
9qqa_Nu,65.30
9s3b_NB,65.30
9j6h_S1,65.31
8uxa_E,65.31
9fy3_2,65.37
9glx_G,65.42
9glx_K,65.42
9glx_N,65.42
9glx_Q,65.42
9glx_R,65.42
9glx_S,65.42
9glx_T,65.42
9glx_U,65.42
9glx_V,65.42
9glx_W,65.42
9v1j_sm,65.46
9j4p_B,65.47
9rmc_Q,65.47
9rn1_Q,65.47
9g6h_H,65.49
9g6h_h,65.49
9g4c_A,65.51
9g4c_B,65.51
9g4c_C,65.51
9g4c_D,65.51
9gi8_A,65.52
9gi8_B,65.52
9lut_6,65.52
8uxa_1,65.52
9h6i_BH,65.55
9ujl_E,65.56
9ujp_E,65.56
9ukp_E,65.56
9v4m_E,65.56
9oxe_B,65.56
9oxs_B,65.56
9y42_BB,65.58
9cpa_n,65.60
9mr4_OO,65.60
9qqa_Ay,65.60
9vvo_B,65.60
9i2d_Ll,65.62
9m0p_Ll,65.62
9s3b_Ll,65.62
9jnk_A,65.64
9jnk_B,65.64
9sob_I16,65.65
9sob_I24,65.65
9sob_I8,65.65
9sob_I,65.65
8rtm_A,65.68
8rtm_C,65.68
8rtm_E,65.68
8rtm_G,65.68
9h22_K,65.69
9dcd_I,65.70
9fq7_3G,65.71
9fq7_3g,65.71
9fzl_3G,65.71
9fzl_3g,65.71
9le8_AH,65.72
9le8_AN,65.72
9le8_AQ,65.72
9le8_AU,65.72
9le8_V,65.72
9le8_p,65.72
9mt4_E,65.75
9hiw_C,65.75
9bwd_m,65.76
9bxv_m,65.76
9h6i_Ha,65.78
9k7f_D,65.79
9kdo_D,65.79
9fq7_4B,65.79
9fq7_4b,65.79
9fzl_4B,65.79
9fzl_4b,65.79
9gkf_A,65.79
9gkf_B,65.79
9gkf_C,65.79
9gkf_D,65.79
9gkf_E,65.79
9gkf_F,65.79
9gkf_G,65.79
9gkf_H,65.79
9gkf_I,65.79
9gkf_J,65.79
9gkf_K,65.79
9gkf_L,65.79
9gkf_M,65.79
9gkf_N,65.79
9gkf_O,65.79
9gkf_P,65.79
9gkf_Q,65.79
9gkf_R,65.79
9gkf_S,65.79
9gkf_T,65.79
8vop_h,65.81
8vos_h,65.81
8y5m_b,65.81
8y5t_b,65.81
8ydh_b,65.81
8zfg_c,65.81
9hym_c,65.81
9jpm_c,65.81
9ss4_BB,65.81
9nhc_E,65.82
8vvv_S,65.84
9h6i_AM,65.84
9cki_A,65.87
9cki_B,65.87
9cki_C,65.87
9cki_D,65.87
9cki_E,65.87
9cki_F,65.87
9cki_G,65.87
9cki_H,65.87
9cki_I,65.87
9cki_J,65.87
9qf5_Aj,65.88
9fz9_A,65.90
9fz9_B,65.90
9fz9_C,65.90
9fz9_D,65.90
9gml_B,65.93
9fq7_4R,65.94
9fq7_4r,65.94
9fzl_4R,65.94
9fzl_4r,65.94
9p76_Ll,65.95
9p7g_Ll,65.95
9p7w_Ll,65.95
9p7y_Ll,65.95
9pkg_Ll,65.95
9y4g_Cl,65.95
9ltr_A,65.95
9ltr_C,65.95
9m0y_A,65.95
9m0y_B,65.95
9m0y_C,65.95
9m0y_D,65.95
9m0y_E,65.95
9m0y_F,65.95
9m0y_G,65.95
9m0y_J,65.95
9y49_CE,65.97
9p76_LC,65.99
9p7g_LC,65.99
9p7w_LC,65.99
9p7y_LC,65.99
9pkg_LC,65.99
9i2d_SZ,65.99
9kn6_SZ,65.99
9m0p_SZ,65.99
9s3b_SZ,65.99
9yq1_ZZ,65.99
9kn6_3f,66.00
9y42_b,66.00
9v1k_sA,66.01
9q0a_B,66.03
9qf5_Ay,66.03
9w56_C,66.10
9w56_F,66.10
9w56_I,66.10
9w56_L,66.10
9cf8_T,66.12
9m3a_B,66.12
9m3a_D,66.12
9m3a_G,66.12
9m3a_I,66.12
9l21_B,66.12
9p76_LI,66.13
9p7g_LI,66.13
9p7w_LI,66.13
9p7y_LI,66.13
9pkg_LI,66.13
9y4g_CI,66.13
9igu_Z,66.15
9pgi_AZ,66.15
9prx_AZ,66.15
9ifm_G,66.15
9ifm_N,66.15
9ifm_g,66.15
9ifm_n,66.15
9vk1_A,66.16
9vk1_B,66.16
9l9d_A,66.18
9l9d_B,66.18
9l9d_C,66.18
9l9d_D,66.18
9l9d_E,66.18
9l9d_F,66.18
9pgi_N,66.22
9prx_N,66.22
9kci_B,66.24
9cdj_A,66.27
9cdj_B,66.27
8uxa_W,66.30
9pgi_F,66.31
9prx_F,66.31
9qm9_D,66.32
9i9k_H,66.33
9vjx_A,66.35
9vjx_B,66.35
9dgv_O,66.35
9dgv_R,66.35
9yng_O,66.35
9yng_R,66.35
9bxv_J,66.35
8uxa_2,66.38
9fq7_2P,66.38
9fq7_2p,66.38
9fzl_2P,66.38
9fzl_2p,66.38
22jy_A,66.41
22jy_B,66.41
22jy_C,66.41
22jy_D,66.41
22jy_E,66.41
8rm9_c,66.42
8rm9_d,66.42
8rm9_e,66.42
8rm9_f,66.42
8rm9_g,66.42
8rm9_n,66.42
8rm9_o,66.42
8rm9_p,66.42
8rm9_q,66.42
8rm9_r,66.42
8rm9_s,66.42
8rm9_t,66.42
8rm9_u,66.42
8rm9_v,66.42
8rm9_w,66.42
9pd3_D,66.42
9pd4_D,66.42
9j6h_B3,66.44
9bwd_J,66.44
9qf5_Ba,66.45
9p76_La,66.45
9p7g_La,66.45
9p7w_La,66.45
9p7y_La,66.45
9pkg_La,66.45
9y49_Ca,66.45
9y4g_Ca,66.45
9r0s_A,66.45
9r0s_B,66.45
9r0s_C,66.45
9r0s_D,66.45
9r0s_E,66.45
9y49_AL,66.47
9cpa_x,66.48
8vvv_LL,66.49
9cpa_N,66.49
9i2d_SL,66.49
9kn6_SL,66.49
9m0p_SL,66.49
9mr4_EE,66.49
9qqa_Ak,66.49
9s3b_SL,66.49
9y4g_AL,66.49
9yq1_LL,66.49
9p76_LE,66.50
9p7g_LE,66.50
9p7w_LE,66.50
9p7y_LE,66.50
9pkg_LE,66.50
9i2d_NA,66.53
9mr4_EG,66.53
9qqa_Nt,66.53
9s3b_NA,66.53
9n70_NM,66.56
9n77_NM,66.56
9n79_NM,66.56
9qwr_A,66.57
9qwr_B,66.57
9irs_g,66.61
9y4g_AB,66.63
9y42_E,66.64
9g4a_B,66.65
8vvv_a,66.65
9y42_a,66.65
9mr4_a,66.68
9qqa_Ba,66.68
9yq1_a,66.68
9i2d_La,66.70
9m0p_La,66.70
9s3b_La,66.70
9q9j_J,66.78
9bwd_j,66.80
9bxv_j,66.80
9j6h_N3,66.80
8uxa_u,66.82
9o04_A,66.83
9o04_B,66.83
9fq7_2T,66.88
9fq7_2t,66.88
9fzl_2T,66.88
9fzl_2t,66.88
9e5z_F,66.90
9efm_F,66.90
9eg8_F,66.90
9qo5_F,66.90
9pgi_A2,66.93
9prx_A2,66.93
9cpa_t,66.95
9h4p_Pa,66.97
9h4p_Pb,66.97
9h4p_Pc,66.97
9h4p_Pd,66.97
9h4p_Pe,66.97
9h4p_Pf,66.97
9kn6_3l,66.98
9v1j_se,66.99
9glw_B,66.99
9fzl_4F,67.02
9fzl_4f,67.02
9igu_P,67.04
9pgi_AP,67.04
9prx_AP,67.04
9x7v_B,67.04
9x7v_K,67.04
9x7v_N,67.04
9x7v_Q,67.04
9x7v_Z,67.04
9x7v_c,67.04
9x7v_f,67.04
9pgi_z,67.06
9pgi_G,67.06
9pgi_t,67.06
9pgi_u,67.06
9prx_t,67.06
9prx_u,67.06
9qbl_B,67.06
9qbl_D,67.06
9qbq_B,67.06
9qbq_D,67.06
9hm8_B,67.10
9qf5_Bi,67.11
9pd3_G,67.18
9pd4_G,67.18
9t4r_2,67.22
9h4p_BA,67.23
9h4p_BB,67.23
9h4p_BC,67.23
9ljr_A,67.26
9lju_A,67.26
9phw_H,67.26
9phw_h,67.26
9e0n_6,67.37
9bji_A,67.39
9bji_B,67.39
9bji_C,67.39
9bji_D,67.39
9bji_E,67.39
9bji_F,67.39
8vvv_CC,67.42
9yq1_CC,67.42
9nyq_B,67.42
9n70_SG,67.42
9n77_SG,67.42
9n79_SG,67.42
9t4r_L,67.43
9pd3_K,67.46
9pd4_K,67.46
9qec_C,67.46
9igu_4,67.47
9pgi_A4,67.47
9prx_A4,67.47
9h6i_BA,67.48
9nq7_H,67.50
9n70_LT,67.50
9n77_LT,67.50
9j6h_B6,67.51
9e5b_A,67.53
8vop_u,67.55
8vos_u,67.55
8y5m_l,67.55
8y5t_l,67.55
8ydh_l,67.55
8zfg_k,67.55
9hym_l,67.55
9jpm_k,67.55
9ss4_BO,67.55
9w4r_B,67.58
9dlv_C,67.58
9nn6_B,67.58
8qvp_H,67.64
8qvp_I,67.64
8qvp_J,67.64
8qvp_K,67.64
8qvp_L,67.64
8qvp_M,67.64
8qvp_N,67.64
8qvp_O,67.64
8qvp_P,67.64
8qvp_Q,67.64
8uxa_O,67.67
8zod_5,67.68
8zoi_5,67.68
8uxa_o,67.68
9nx2_F,67.73
9nx2_G,67.73
9mt4_A,67.75
9mt4_B,67.75
9kyd_C,67.77
9kyd_D,67.77
9kyd_E,67.77
9kyd_F,67.77
9kyd_G,67.77
8z5u_AA,67.81
8z5u_AB,67.81
8z5u_AC,67.81
8z5u_AD,67.81
8z5u_AE,67.81
8z5u_AF,67.81
8z5u_AG,67.81
8z5u_AH,67.81
8z5u_AI,67.81
8z5u_AJ,67.81
8z5u_AK,67.81
8z5u_AL,67.81
8z5u_AM,67.81
8z5u_AN,67.81
8z5u_AO,67.81
8z5w_AA,67.81
8z5w_AB,67.81
8z5w_AC,67.81
8z5w_AD,67.81
8z5w_AE,67.81
8z5w_AF,67.81
8z5w_AG,67.81
8z5w_AH,67.81
8z5w_AI,67.81
8z5w_AJ,67.81
8z5w_AK,67.81
8z5w_AL,67.81
8z5w_AM,67.81
8z5w_AN,67.81
8z5w_AO,67.81
8z5x_1,67.81
8z5x_2,67.81
8z5x_3,67.81
8z5x_4,67.81
8z5x_5,67.81
8z5x_AA,67.81
8z5x_AB,67.81
8z5x_AC,67.81
8z5x_AD,67.81
8z5x_AE,67.81
8z5x_AF,67.81
8z5x_AG,67.81
8z5x_AH,67.81
8z5x_AI,67.81
8z5x_AJ,67.81
8z5x_AK,67.81
8z5x_AL,67.81
8z5x_AM,67.81
8z5x_AN,67.81
8z5x_AO,67.81
8z5x_A,67.81
8z5x_B,67.81
8z5x_C,67.81
8z5x_D,67.81
8z5x_E,67.81
8z5x_F,67.81
8z5x_G,67.81
8z5x_H,67.81
8z5x_I,67.81
8z5x_J,67.81
8z5x_K,67.81
8z5x_L,67.81
8z5x_M,67.81
8z5x_N,67.81
8z5x_O,67.81
8z5x_P,67.81
8z5x_Q,67.81
8z5x_R,67.81
8z5x_S,67.81
8z5x_T,67.81
8z5x_U,67.81
8z5x_V,67.81
8z5x_W,67.81
8z5x_X,67.81
8z5x_Y,67.81
8z5x_Z,67.81
8z5x_a,67.81
8z5x_b,67.81
8z5x_c,67.81
8z5x_d,67.81
8z5x_e,67.81
8z5x_f,67.81
8z5x_g,67.81
8z5x_h,67.81
8z5x_i,67.81
8z5x_j,67.81
8z5x_k,67.81
8z5x_l,67.81
8z5x_m,67.81
8z5x_n,67.81
8z5x_o,67.81
8z5x_p,67.81
8z5x_q,67.81
8z5x_r,67.81
8z5x_s,67.81
8z5x_t,67.81
8z5x_u,67.81
8z5x_v,67.81
8z5x_w,67.81
8z5x_x,67.81
8z5x_y,67.81
8z5x_z,67.81
9igu_T,67.81
9pgi_AT,67.81
9prx_AT,67.81
9fzl_4M,67.83
9fzl_4m,67.83
9oi8_C,67.85
9mkd_A,67.87
9mkd_B,67.87
9inz_A,67.89
9inz_B,67.89
9inz_C,67.89
9inz_D,67.89
9inz_E,67.89
9inz_F,67.89
9irs_e,67.90
9irs_f,67.90
9n70_LL,67.90
9n77_LL,67.90
9pgi_f,67.90
9prx_f,67.90
9u62_P,67.92
9h6i_AI,67.93
9dn0_A,67.94
9dn0_B,67.94
9dn0_C,67.94
9dn0_D,67.94
9dn0_E,67.94
9dn0_F,67.94
9dn0_G,67.94
9dn0_H,67.94
9dn0_I,67.94
9dn0_J,67.94
9dn0_K,67.94
9h5m_A,67.99
9h5m_B,67.99
9h5m_C,67.99
9h5m_D,67.99
9h5m_E,67.99
9h5m_F,67.99
9h5m_G,67.99
9h5m_H,67.99
9h5m_I,67.99
9h5m_J,67.99
9h5m_K,67.99
9h5m_L,67.99
9h5m_M,67.99
9h5m_N,67.99
9h5m_O,67.99
9h5m_P,67.99
9h5m_Q,67.99
9h5m_R,67.99
9h5m_S,67.99
9h5m_T,67.99
9h5m_U,67.99
9h5m_V,67.99
9h5m_W,67.99
9h5m_X,67.99
9h5m_Y,67.99
9h5m_Z,67.99
9h5m_a,67.99
9h5m_b,67.99
9h5m_c,67.99
9h5m_d,67.99
8uxa_Y,68.00
9osc_C,68.01
9p76_LD,68.04
9p7g_LD,68.04
9p7w_LD,68.04
9p7y_LD,68.04
9pkg_LD,68.04
9y0k_N,68.04
9y0k_b,68.04
9ef6_A,68.05
9ef6_B,68.05
9fq7_4M,68.05
9fq7_4m,68.05
8zod_1,68.09
8zoi_1,68.09
9ifx_A,68.11
9pdl_B,68.12
9pf1_B,68.12
9sob_48,68.13
9sob_4,68.13
9ned_A,68.16
9ned_B,68.16
9ned_C,68.16
9ned_D,68.16
9ned_G,68.16
9ned_H,68.16
9qf5_BB,68.20
9w9h_B,68.23
9laz_B,68.23
9laz_E,68.23
9laz_H,68.23
9lb0_B,68.23
9lb0_E,68.23
9lb0_H,68.23
9h5w_A,68.23
10gh_A,68.23
9igu_H,68.24
9pgi_AH,68.24
9prx_AH,68.24
9igu_N,68.25
9pgi_AN,68.25
9prx_AN,68.25
9k3p_R,68.28
9jgi_A,68.29
9jgi_B,68.29
9jgi_C,68.29
9jgi_D,68.29
9jgi_E,68.29
9jgi_F,68.29
9jgi_G,68.29
9jgi_H,68.29
9jgi_I,68.29
9jgi_J,68.29
9jgi_K,68.29
9jgi_L,68.29
9jgi_M,68.29
9jgi_N,68.29
9jgi_O,68.29
9h6i_Fa,68.29
9lq3_C,68.30
9i2d_SC,68.33
9kn6_SC,68.33
9m0p_SC,68.33
9s3b_SC,68.33
9q72_A,68.35
9jxv_C,68.36
9jxv_D,68.36
9vo0_F,68.36
9rpd_I,68.37
9bwd_O,68.37
9bwd_X,68.37
9bxv_O,68.37
9bxv_X,68.37
9vjj_A,68.37
9vjj_B,68.37
8vvv_BB,68.38
9i2d_SB,68.38
9kn6_SB,68.38
9m0p_SB,68.38
9mr4_u,68.38
9qqa_Aa,68.38
9s3b_SB,68.38
9yq1_BB,68.38
9fq7_2Q,68.39
9fq7_2q,68.39
9fzl_2Q,68.39
9fzl_2q,68.39
9j6h_S2,68.40
9j6h_A3,68.40
9otm_A,68.42
9otm_B,68.42
9otm_C,68.42
9otm_D,68.42
9otm_E,68.42
9otm_F,68.42
9otm_G,68.42
9otm_H,68.42
9otm_I,68.42
9otm_J,68.42
9otm_K,68.42
9otm_L,68.42
9otm_M,68.42
9otm_N,68.42
9otm_O,68.42
9otm_P,68.42
9otm_Q,68.42
9otm_R,68.42
9otm_S,68.42
9otm_T,68.42
9otn_A,68.42
9otn_B,68.42
9otn_C,68.42
9otn_D,68.42
9otn_E,68.42
9otn_F,68.42
9otn_G,68.42
9otn_H,68.42
9otn_I,68.42
9otn_J,68.42
9otn_K,68.42
9otn_L,68.42
9otn_M,68.42
9otn_N,68.42
9otn_O,68.42
9otn_P,68.42
9otn_Q,68.42
9otn_R,68.42
9otn_S,68.42
9otn_T,68.42
9bxv_b,68.45
9hdh_A,68.45
9pgi_d,68.46
9prx_d,68.46
9fy3_l,68.48
9ubx_M,68.49
9ubx_m,68.49
9ubx_z,68.49
9i2d_LD,68.53
9m0p_LD,68.53
9s3b_LD,68.53
9ygu_A7,68.53
9ygu_BJ,68.53
9ygu_CT,68.53
9ygu_DN,68.53
9ygu_EX,68.53
9ygu_FB,68.53
9ygu_GQ,68.53
9ygu_HL,68.53
9ygu_I3,68.53
9ygu_JD,68.53
9ygu_KE,68.53
9ygu_LF,68.53
9ygu_MO,68.53
9ygu_NI,68.53
9ygu_OA,68.53
9ygu_PU,68.53
9ygu_Q2,68.53
9ygu_R4,68.53
9ygu_S5,68.53
9ygu_TP,68.53
9ygu_UH,68.53
9ygu_VR,68.53
9ygu_WG,68.53
9ygu_XM,68.53
9ygu_Y1,68.53
9ygu_Z9,68.53
9ygu_aW,68.53
9ygu_bS,68.53
9ygu_cV,68.53
9ygu_dC,68.53
9ygu_e8,68.53
9ygu_fK,68.53
9ygu_g6,68.53
9fua_A,68.54
9igu_L,68.57
9pgi_AL,68.57
9prx_AL,68.57
9s0n_a,68.61
9s0n_b,68.61
9s0n_c,68.61
9s0n_d,68.61
9s0n_e,68.61
9s0n_f,68.61
9y49_Cb,68.63
9fq7_4D,68.63
9fq7_4d,68.63
9fzl_4D,68.63
9fzl_4d,68.63
9pgi_S,68.66
9prx_S,68.66
8vvv_D,68.67
9mr4_D,68.67
9yq1_D,68.67
9g6h_U,68.68
9g6h_u,68.68
9ljw_A,68.68
9arw_H,68.69
9pgi_g,68.72
9prx_g,68.72
9bwd_o,68.72
9bxv_o,68.72
9i2d_Lo,68.74
9m0p_Lo,68.74
9qqa_Bo,68.74
9s3b_Lo,68.74
9yq1_o,68.74
9h6i_BE,68.74
9fy3_M,68.74
9fq7_4G,68.75
9fq7_4g,68.75
9fzl_4G,68.75
9fzl_4g,68.75
9h4p_PM,68.76
9h4p_PN,68.76
9h4p_PO,68.76
9h4p_PP,68.76
9h4p_PQ,68.76
9h4p_PR,68.76
9h4p_PS,68.76
9h4p_PT,68.76
9h4p_PU,68.76
9h4p_PV,68.76
9h4p_PW,68.76
9h4p_PX,68.76
9h6i_BD,68.76
9dtp_A,68.77
9dtp_B,68.77
9dtp_C,68.77
9dtp_D,68.77
9dtp_E,68.77
9dtp_F,68.77
9dtp_G,68.77
9dtp_H,68.77
9ncn_E,68.78
9ncn_F,68.78
9pgi_U,68.79
9prx_U,68.79
9lut_5,68.81
8vop_m,68.82
8vos_m,68.82
8y5m_D,68.82
8y5t_D,68.82
8ydh_D,68.82
8zfg_1,68.82
9hym_6,68.82
9jpm_1,68.82
9ss4_B7,68.82
9lvk_U,68.83
9lvk_V,68.83
9y42_D,68.84
9h6i_BF,68.85
9rpd_J,68.87
9ia7_B,68.90
8uxa_L,68.90
9ea4_A,68.90
9j6h_AK,68.91
9yng_g,68.95
9yng_h,68.95
9yng_o,68.95
9yng_p,68.95
9y42_SS,68.95
9e5z_E,69.01
9k6m_A,69.02
9k6m_B,69.02
9qqa_BG,69.04
9qqa_Ab,69.05
9cpa_r,69.05
9nez_A,69.08
9nez_E,69.08
9nf0_A,69.08
9nf0_E,69.08
9ea5_A,69.08
9ea5_B,69.08
9bwd_a,69.08
9bxv_a,69.08
9h6i_Za,69.09
9j6h_B4,69.11
9pgi_e,69.14
9prx_e,69.14
9qj5_D,69.15
9u5z_B,69.15
9rhr_A,69.15
9ven_A,69.15
9ven_C,69.15
9ven_E,69.15
9ven_G,69.15
9zz6_G,69.16
9yq1_g,69.19
9bxv_8,69.19
9bxv_x,69.19
9c7h_8,69.19
9c7h_x,69.19
9y49_CD,69.24
9y4g_CD,69.24
9pgi_j,69.24
9prx_j,69.24
9i2d_Lg,69.25
9m0p_Lg,69.25
9mr4_g,69.25
9qqa_Bg,69.25
9s3b_Lg,69.25
9mr4_o,69.26
9z6u_A,69.28
9z6u_C,69.28
8vvv_T,69.31
9i2d_LT,69.31
9m0p_LT,69.31
9mr4_T,69.31
9qqa_BT,69.31
9s3b_LT,69.31
9yq1_T,69.31
9y42_GG,69.32
9m5t_AA,69.33
9m5t_AB,69.33
9m5t_AC,69.33
9m5t_AD,69.33
9m5t_AE,69.33
9m5t_AF,69.33
9m5t_AG,69.33
9m5t_AH,69.33
9m5t_AI,69.33
9m5t_AJ,69.33
9m5t_AK,69.33
9m5t_BA,69.33
9m5t_BB,69.33
9m5t_BC,69.33
9m5t_BD,69.33
9m5t_BE,69.33
9m5t_BF,69.33
9m5t_BG,69.33
9m5t_BH,69.33
9m5t_BI,69.33
9m5t_BJ,69.33
9m5t_BK,69.33
9m5t_CA,69.33
9m5t_CB,69.33
9m5t_CC,69.33
9m5t_CD,69.33
9m5t_CE,69.33
9m5t_CF,69.33
9m5t_CG,69.33
9m5t_CH,69.33
9m5t_CI,69.33
9m5t_CJ,69.33
9m5t_CK,69.33
9m5t_DA,69.33
9m5t_DB,69.33
9m5t_DC,69.33
9m5t_DD,69.33
9m5t_DE,69.33
9m5t_DF,69.33
9m5t_DG,69.33
9m5t_DH,69.33
9m5t_DI,69.33
9m5t_DJ,69.33
9m5t_DK,69.33
9y49_CO,69.33
9iki_G,69.35
9iki_T,69.35
9kuk_G,69.35
9kuk_T,69.35
9kum_G,69.35
9kum_T,69.35
9n96_A,69.36
9cg3_H,69.39
9cg3_U,69.39
9hzl_H,69.39
9hzl_U,69.39
9igu_J,69.39
9pgi_AJ,69.39
9prx_AJ,69.39
9p76_LT,69.40
9p7g_LT,69.40
9p7w_LT,69.40
9p7y_LT,69.40
9pkg_LT,69.40
9y42_T,69.40
9y49_CT,69.40
9y4g_CT,69.40
9kn6_3h,69.42
8vvv_O,69.43
9mr4_O,69.43
9qqa_BO,69.43
9yq1_O,69.43
9i4u_A,69.43
9i4u_B,69.43
9i4u_C,69.43
9i4u_D,69.43
9i4u_E,69.43
9i4u_F,69.43
9y4g_Cb,69.45
9y49_AF,69.45
9bwd_Y,69.45
9bxv_Y,69.45
9mr4_v,69.47
9h22_Aa,69.49
9h22_Ab,69.49
9h22_Ac,69.49
9h22_Ad,69.49
9h22_Ae,69.49
9h22_Af,69.49
9h22_Ag,69.49
9h22_Ah,69.49
9h22_Ai,69.49
9h22_Aj,69.49
9h22_Ak,69.49
9h22_Al,69.49
9h22_Am,69.49
9h22_An,69.49
9h22_Ao,69.49
9h22_Ap,69.49
9bwd_D,69.51
9bxv_D,69.51
9sfa_A,69.52
9sfa_B,69.52
9jbt_A,69.53
9ll7_R,69.54
9lla_R,69.54
9n70_SZ,69.56
9n77_SZ,69.56
9n79_SZ,69.56
8uxa_4,69.60
9y42_O,69.61
9voj_C,69.62
9vok_C,69.62
9i2d_LG,69.63
9m0p_LG,69.63
9s3b_LG,69.63
9jxv_E,69.64
9jxv_F,69.64
9qf5_BM,69.65
9nnh_J,69.65
9nnh_K,69.65
9p76_Lo,69.67
9p7g_Lo,69.67
9p7w_Lo,69.67
9p7y_Lo,69.67
9pkg_Lo,69.67
9y42_o,69.67
9y4g_Co,69.67
9qpy_E,69.67
9bxv_2,69.67
9bxv_4,69.67
9bxv_Ae,69.67
9bxv_Af,69.67
9c7h_2,69.67
9c7h_4,69.67
9c7h_Ae,69.67
9c7h_Af,69.67
9n70_LN,69.70
9n77_LN,69.70
9cpa_I,69.72
9i2d_SG,69.72
9kn6_SG,69.72
9m0p_SG,69.72
9mr4_z,69.72
9qqa_Af,69.72
9s3b_SG,69.72
9yq1_GG,69.72
9edt_E,69.74
9h6i_BW,69.74
9y42_g,69.74
9gld_AB,69.74
9gld_AH,69.74
9gld_BB,69.74
9gld_BH,69.74
9cpa_b,69.75
9h6i_AL,69.79
9y4g_Aa,69.80
9i92_C,69.80
9n70_SU,69.82
9n77_SU,69.82
9n79_SU,69.82
9t4r_k,69.85
8vvv_g,69.85
9p76_Lg,69.85
9p7g_Lg,69.85
9p7w_Lg,69.85
9p7y_Lg,69.85
9pkg_Lg,69.85
9y49_Cg,69.85
9y4g_Cg,69.85
9efm_E,69.85
9eg8_E,69.85
8vvv_GG,69.85
9p76_SG,69.85
9p7g_SG,69.85
9p7w_SG,69.85
9p7y_SG,69.85
9pkg_SG,69.85
9y49_AG,69.85
9y4g_AG,69.85
9h6i_Va,69.86
9j6h_A8,69.88
9pd3_R,69.89
9pd4_R,69.89
8vvv_o,69.90
9kfi_B,69.92
8vvv_SS,69.93
9i2d_Sa,69.93
9kn6_Sa,69.93
9m0p_Sa,69.93
9qqa_AE,69.93
9s3b_Sa,69.93
9yq1_aa,69.93
9pgi_OX,69.93
9prx_OX,69.93
9bwd_H,69.93
9bxv_H,69.93
9le8_AS,69.96
9le8_v,69.96
9y49_Co,69.96
9gml_C,69.99
9mr4_LL,70.00
9bzv_A,70.01
9bzw_A,70.01
9c01_A,70.01
9c05_A,70.01
9bwd_I,70.07
9li8_A,70.07
9i2d_Se,70.08
9s3b_Se,70.08
9p76_LO,70.08
9p7g_LO,70.08
9p7w_LO,70.08
9p7y_LO,70.08
9pkg_LO,70.08
9qqa_Ar,70.12
9y42_G,70.13
9lut_C,70.15
9r60_A,70.20
9r60_B,70.20
9r60_C,70.20
9r60_D,70.20
9r60_E,70.20
9r60_F,70.20
9r60_G,70.20
9r60_H,70.20
9r69_A,70.20
9r69_B,70.20
9r69_C,70.20
9r69_D,70.20
9r69_E,70.20
9r69_F,70.20
9r69_G,70.20
9r69_H,70.20
9p76_Sa,70.21
9p7g_Sa,70.21
9p7w_Sa,70.21
9p7y_Sa,70.21
9pkg_Sa,70.21
9y49_Aa,70.21
9j8w_L,70.23
9q3g_A,70.24
9ykx_A,70.25
9ykx_B,70.25
9ykx_C,70.25
9ykx_D,70.25
9ykx_E,70.25
9ykx_F,70.25
9g6h_V,70.27
9g6h_v,70.27
9n70_SR,70.31
9n77_SR,70.31
9n79_SR,70.31
9n70_LK,70.31
9n77_LK,70.31
9n28_B,70.35
9qo5_E,70.36
8vop_i,70.37
8vos_i,70.37
8y5m_B,70.37
8y5t_B,70.37
8ydh_B,70.37
8zfg_z,70.37
9hym_3,70.37
9jpm_z,70.37
9ss4_B5,70.37
9o3f_N,70.37
9o3f_b,70.37
9l4t_A,70.38
9l4t_B,70.38
9t4r_1,70.39
9qgg_B,70.40
8vvv_aa,70.41
9efm_K,70.43
9eg8_K,70.43
9qo5_J,70.43
9dm9_B,70.43
9ubx_I,70.45
9ubx_Q,70.45
9ubx_i,70.45
9k7f_C,70.46
9kdo_C,70.46
9hiw_A,70.46
9leh_A,70.47
9leh_B,70.47
9cn0_E,70.47
9g9l_M,70.48
9h6i_La,70.49
8uxa_9,70.50
9n70_SB,70.52
9n77_SB,70.52
9n79_SB,70.52
9pgi_V,70.53
9prx_V,70.53
9e0n_M,70.53
9hbk_D,70.53
9y42_LL,70.55
9pwq_B,70.57
9qf5_Bd,70.59
9nq7_A,70.59
9pgi_W,70.60
9prx_W,70.60
9hps_A,70.61
9hps_B,70.61
9y42_aa,70.61
9j54_B,70.65
9j54_D,70.65
9y4g_CO,70.65
9vh1_F,70.65
8uxa_AI,70.65
9w5c_B,70.67
9w5c_D,70.67
9w5c_F,70.67
9w5c_H,70.67
9w5c_J,70.67
9w5c_L,70.67
9ifm_H,70.67
9ifm_h,70.67
8uxa_AC,70.70
9i2d_LO,70.71
9m0p_LO,70.71
9s3b_LO,70.71
9l84_R,70.71
9r50_A0,70.71
9r50_A1,70.71
9r50_A2,70.71
9r50_A3,70.71
9r50_A4,70.71
9r50_A5,70.71
9r50_A7,70.71
9r50_A8,70.71
9r50_A,70.71
9r50_An,70.71
9r50_Ao,70.71
9r50_Ap,70.71
9r50_Aq,70.71
9r50_Ar,70.71
9r50_At,70.71
9r50_Au,70.71
9r50_Aw,70.71
9r50_Ax,70.71
9r50_Ay,70.71
9r50_Az,70.71
9r50_B,70.71
9r50_C,70.71
9r50_D,70.71
9r50_E,70.71
9r50_F,70.71
9r50_G,70.71
9r50_H,70.71
9r50_I,70.71
9r50_J,70.71
9r50_K,70.71
9r50_L,70.71
9r50_M,70.71
9r50_N,70.71
9r50_R,70.71
9r50_S,70.71
9r50_T,70.71
9r50_U,70.71
9r50_V,70.71
9r50_W,70.71
9r50_X,70.71
9r50_Y,70.71
9r50_Z,70.71
9sii_A0,70.71
9sii_A1,70.71
9sii_A3,70.71
9sii_A4,70.71
9sii_A5,70.71
9sii_A6,70.71
9sii_A7,70.71
9sii_A8,70.71
9sii_A9,70.71
9sii_Ab,70.71
9sii_Ac,70.71
9sii_Ad,70.71
9sii_Ae,70.71
9sii_Af,70.71
9sii_Ag,70.71
9sii_Ai,70.71
9sii_Aj,70.71
9sii_Ak,70.71
9sii_Al,70.71
9sii_Am,70.71
9sii_An,70.71
9sii_Ao,70.71
9sii_Ap,70.71
9sii_Aq,70.71
9sii_Ar,70.71
9sii_At,70.71
9sii_Au,70.71
9sii_Av,70.71
9sii_Ay,70.71
9sii_Az,70.71
9sii_B,70.71
9sii_E,70.71
9sii_F,70.71
9sii_G,70.71
9sii_H,70.71
9sii_I,70.71
9sii_J,70.71
9sii_K,70.71
9sii_L,70.71
9sii_M,70.71
9sii_N,70.71
9sii_O,70.71
9sii_P,70.71
9sii_R,70.71
9sii_S,70.71
9sii_T,70.71
9sii_U,70.71
9sii_V,70.71
9sii_W,70.71
9sii_X,70.71
9sii_Y,70.71
9sii_Z,70.71
9kff_A,70.75
9cpa_i,70.77
9mr4_AA,70.77
9qqa_AD,70.77
9yq1_ee,70.77
9jxn_A,70.78
9jxn_B,70.78
9y49_AB,70.81
9cpa_T,70.86
9mr4_KK,70.86
9qqa_Aq,70.86
9yq1_RR,70.86
9k8k_A,70.87
9k8k_B,70.87
9k8l_A,70.87
9k8l_B,70.87
9k8l_C,70.87
9t4r_l,70.95
8vvv_w,70.95
9p76_Sf,70.95
9p7g_Sf,70.95
9p7w_Sf,70.95
9p7y_Sf,70.95
9pkg_Sf,70.95
9y42_ff,70.95
9pgi_P,70.95
9prx_P,70.95
9y42_HH,70.97
9y4g_AH,70.97
9h6i_AC,70.98
9c9t_R,70.98
9lu5_S,70.98
9lu5_T,70.98
9lu5_U,70.98
9lu5_V,70.98
9lu5_W,70.98
9lu5_X,70.98
9n70_L5,70.99
9n77_L5,70.99
9n79_L5,70.99
9p7w_Lb,70.99
9p7y_Lb,70.99
9k7f_L,71.00
9kdo_L,71.00
9p76_SH,71.03
9p7g_SH,71.03
9pkg_SH,71.03
9y49_AH,71.03
9fy3_L,71.04
9fyx_D,71.05
9iqi_A,71.08
9iqi_B,71.08
9iqi_C,71.08
8vvv_HH,71.13
9cpa_J,71.13
9i2d_SH,71.13
9kn6_SH,71.13
9m0p_SH,71.13
9mr4_BB,71.13
9s3b_SH,71.13
9yq1_HH,71.13
9pdl_A,71.14
9pf1_A,71.14
9z6u_B,71.20
9z6u_D,71.20
9jnk_C,71.21
9jnk_D,71.21
9pr6_A,71.21
9pr6_B,71.21
9pr6_C,71.21
9pr6_D,71.21
9qec_B,71.22
9qee_B,71.22
9ifm_W,71.24
9ifm_w,71.24
9i2d_SR,71.25
9kn6_SR,71.25
9m0p_SR,71.25
9p76_SR,71.25
9p7g_SR,71.25
9p7w_SR,71.25
9p7y_SR,71.25
9pkg_SR,71.25
9s3b_SR,71.25
9ly3_R,71.25
9qeq_c,71.25
9p76_SS,71.25
9p7g_SS,71.25
9p7w_SS,71.25
9p7y_SS,71.25
9pkg_SS,71.25
9p76_SL,71.27
9p7g_SL,71.27
9p7w_SL,71.27
9p7y_SL,71.27
9pkg_SL,71.27
9i2d_Ld,71.30
9m0p_Ld,71.30
9mr4_d,71.30
9qqa_Bd,71.30
9s3b_Ld,71.30
9yq1_d,71.30
9hbn_A,71.32
9hbn_C,71.32
9h6i_Wa,71.32
9cpa_U,71.33
9i2d_SS,71.33
9kn6_SS,71.33
9mr4_II,71.33
9s3b_SS,71.33
9yq1_SS,71.33
9jxr_A,71.34
9jxr_B,71.34
9qf5_Bf,71.35
9y49_CG,71.36
9y4g_CG,71.36
9gtu_A,71.38
9bwd_W,71.40
9bxv_W,71.40
9e0n_p,71.43
9v1k_su,71.43
9hzs_0,71.44
9hzs_1,71.44
9hzs_2,71.44
9hzs_3,71.44
9hzs_4,71.44
9hzs_5,71.44
9hzs_6,71.44
9hzs_7,71.44
9hzs_A,71.44
9hzs_B,71.44
9hzs_C,71.44
9hzs_D,71.44
9hzs_E,71.44
9hzs_F,71.44
9hzs_G,71.44
9hzs_H,71.44
9hzs_I,71.44
9hzs_J,71.44
9hzs_K,71.44
9hzs_L,71.44
9hzs_M,71.44
9hzs_N,71.44
9hzs_O,71.44
9hzs_P,71.44
9hzs_Q,71.44
9hzs_R,71.44
9hzs_S,71.44
9hzs_T,71.44
9hzs_U,71.44
9hzs_V,71.44
9hzs_W,71.44
9hzs_X,71.44
9hzs_Y,71.44
9hzs_Z,71.44
9hzs_a,71.44
9hzs_b,71.44
9hzs_c,71.44
9hzs_d,71.44
9hzs_e,71.44
9hzs_f,71.44
9hzs_g,71.44
9hzs_h,71.44
9hzs_i,71.44
9hzs_j,71.44
9hzs_k,71.44
9hzs_l,71.44
9hzs_m,71.44
9hzs_n,71.44
9hzs_o,71.44
9hzs_p,71.44
9hzs_q,71.44
9hzs_r,71.44
9hzs_s,71.44
9hzs_t,71.44
9hzs_u,71.44
9hzs_v,71.44
9hzs_w,71.44
9hzs_x,71.44
9hzs_y,71.44
9hzs_z,71.44
9hzu_0,71.44
9hzu_1,71.44
9hzu_2,71.44
9hzu_3,71.44
9hzu_4,71.44
9hzu_5,71.44
9hzu_6,71.44
9hzu_7,71.44
9hzu_A,71.44
9hzu_B,71.44
9hzu_C,71.44
9hzu_D,71.44
9hzu_E,71.44
9hzu_F,71.44
9hzu_G,71.44
9hzu_H,71.44
9hzu_I,71.44
9hzu_J,71.44
9hzu_K,71.44
9hzu_L,71.44
9hzu_M,71.44
9hzu_N,71.44
9hzu_O,71.44
9hzu_P,71.44
9hzu_Q,71.44
9hzu_R,71.44
9hzu_S,71.44
9hzu_T,71.44
9hzu_U,71.44
9hzu_V,71.44
9hzu_W,71.44
9hzu_X,71.44
9hzu_Y,71.44
9hzu_Z,71.44
9hzu_a,71.44
9hzu_b,71.44
9hzu_c,71.44
9hzu_d,71.44
9hzu_e,71.44
9hzu_f,71.44
9hzu_g,71.44
9hzu_h,71.44
9hzu_i,71.44
9hzu_j,71.44
9hzu_k,71.44
9hzu_l,71.44
9hzu_m,71.44
9hzu_n,71.44
9hzu_o,71.44
9hzu_p,71.44
9hzu_q,71.44
9hzu_r,71.44
9hzu_s,71.44
9hzu_t,71.44
9hzu_u,71.44
9hzu_v,71.44
9hzu_w,71.44
9hzu_x,71.44
9hzu_y,71.44
9hzu_z,71.44
9hzw_0,71.44
9hzw_1,71.44
9hzw_2,71.44
9hzw_3,71.44
9hzw_4,71.44
9hzw_5,71.44
9hzw_6,71.44
9hzw_7,71.44
9hzw_A,71.44
9hzw_B,71.44
9hzw_C,71.44
9hzw_D,71.44
9hzw_E,71.44
9hzw_F,71.44
9hzw_G,71.44
9hzw_H,71.44
9hzw_I,71.44
9hzw_J,71.44
9hzw_K,71.44
9hzw_L,71.44
9hzw_M,71.44
9hzw_N,71.44
9hzw_O,71.44
9hzw_P,71.44
9hzw_Q,71.44
9hzw_R,71.44
9hzw_S,71.44
9hzw_T,71.44
9hzw_U,71.44
9hzw_V,71.44
9hzw_W,71.44
9hzw_X,71.44
9hzw_Y,71.44
9hzw_Z,71.44
9hzw_a,71.44
9hzw_b,71.44
9hzw_c,71.44
9hzw_d,71.44
9hzw_e,71.44
9hzw_f,71.44
9hzw_g,71.44
9hzw_h,71.44
9hzw_i,71.44
9hzw_j,71.44
9hzw_k,71.44
9hzw_l,71.44
9hzw_m,71.44
9hzw_n,71.44
9hzw_o,71.44
9hzw_p,71.44
9hzw_q,71.44
9hzw_r,71.44
9hzw_s,71.44
9hzw_t,71.44
9hzw_u,71.44
9hzw_v,71.44
9hzw_w,71.44
9hzw_x,71.44
9hzw_y,71.44
9hzw_z,71.44
9i00_0,71.44
9i00_1,71.44
9i00_2,71.44
9i00_3,71.44
9i00_4,71.44
9i00_5,71.44
9i00_6,71.44
9i00_7,71.44
9i00_A,71.44
9i00_B,71.44
9i00_C,71.44
9i00_D,71.44
9i00_E,71.44
9i00_F,71.44
9i00_G,71.44
9i00_H,71.44
9i00_I,71.44
9i00_J,71.44
9i00_K,71.44
9i00_L,71.44
9i00_M,71.44
9i00_N,71.44
9i00_O,71.44
9i00_P,71.44
9i00_Q,71.44
9i00_R,71.44
9i00_S,71.44
9i00_T,71.44
9i00_U,71.44
9i00_V,71.44
9i00_W,71.44
9i00_X,71.44
9i00_Y,71.44
9i00_Z,71.44
9i00_a,71.44
9i00_b,71.44
9i00_c,71.44
9i00_d,71.44
9i00_e,71.44
9i00_f,71.44
9i00_g,71.44
9i00_h,71.44
9i00_i,71.44
9i00_j,71.44
9i00_k,71.44
9i00_l,71.44
9i00_m,71.44
9i00_n,71.44
9i00_o,71.44
9i00_p,71.44
9i00_q,71.44
9i00_r,71.44
9i00_s,71.44
9i00_t,71.44
9i00_u,71.44
9i00_v,71.44
9i00_w,71.44
9i00_x,71.44
9i00_y,71.44
9i00_z,71.44
9h0a_A,71.46
9n70_LD,71.46
9n77_LD,71.46
9n79_LD,71.46
9pgi_p,71.47
9prx_p,71.47
9ukm_H,71.48
8vvv_RR,71.51
9y42_RR,71.51
9h22_H,71.53
9igu_I,71.53
8uxa_x,71.55
8zjx_D,71.58
9pgi_AI,71.60
9prx_AI,71.60
9j6h_AN,71.60
9h85_C,71.61
9h89_C,71.61
9dgv_g,71.62
9dgv_h,71.62
9dgv_o,71.62
9dgv_p,71.62
9fyx_H,71.62
9qeq_H,71.62
9qf5_An,71.64
9umj_D,71.66
9y49_AX,71.67
9p7w_SH,71.67
9p7y_SH,71.67
9hwk_G,71.67
9vkw_C,71.68
9lz2_R,71.69
9fyx_I,71.69
9qeq_I,71.69
9uy3_R,71.75
9v2n_R,71.75
9qtp_o,71.80
9qtp_p,71.80
8zod_3,71.80
8zoi_3,71.80
9fmg_A,71.83
9yq1_OO,71.84
8uxa_D,71.87
9l8l_R,71.87
9gs0_As,71.88
9gs0_At,71.88
9gs0_Au,71.88
9gs0_Av,71.88
9gs0_Aw,71.88
9gs0_Ax,71.88
9gtu_C,71.89
9h6i_BG,71.89
9lut_E,71.90
9fq7_4O,71.92
9fq7_4o,71.92
9fzl_4O,71.92
9fzl_4o,71.92
9h6i_AU,71.95
9bwd_t,71.95
9bxv_t,71.95
9h6i_AD,71.99
9ukq_B,72.00
9ukq_C,72.00
9ukq_D,72.00
9ukq_E,72.00
9ukq_F,72.00
9ukq_A,72.00
8uxa_s,72.00
8vvv_ff,72.01
9pd3_F,72.03
9pd4_F,72.03
9arw_C,72.04
9arw_D,72.04
9arw_E,72.04
9n70_L6,72.07
9n77_L6,72.07
9n79_L6,72.07
9mni_R,72.10
9qf5_Ao,72.12
9y49_Af,72.13
9y4g_Af,72.13
9cg3_A,72.15
9cg3_N,72.15
9hzl_A,72.15
9hzl_N,72.15
9y4g_AX,72.15
9o0d_A,72.20
9o0d_B,72.20
9o0d_C,72.20
9o0d_D,72.20
9ifm_S,72.23
9ifm_s,72.23
9bwd_Q,72.23
9bxv_Q,72.23
9ujz_B,72.25
9zz6_E,72.26
8uxa_p,72.29
9cpa_Z,72.30
9i2d_SX,72.30
9kn6_SX,72.30
9m0p_SX,72.30
9mr4_VV,72.30
9qqa_Aw,72.30
9s3b_SX,72.30
9yq1_XX,72.30
9g9l_F,72.31
9kq0_H,72.31
9kq0_I,72.31
9kq0_J,72.31
9kq0_K,72.31
9kq0_L,72.31
9jbh_A,72.32
9jbh_B,72.32
9cpa_M,72.33
9i2d_SK,72.33
9kn6_SK,72.33
9m0p_SK,72.33
9mr4_SS,72.33
9qqa_Aj,72.33
9s3b_SK,72.33
9yq1_KK,72.33
9o48_A,72.36
9o48_B,72.36
9o48_C,72.36
9o48_D,72.36
9r2z_A,72.36
9si0_M,72.37
9qf5_Bk,72.38
9jxl_B,72.38
9fq7_3E,72.39
9fq7_3e,72.39
9fzl_3E,72.39
9fzl_3e,72.39
9e7v_E,72.43
9fy3_3,72.43
9e0v_A,72.44
9nf7_A,72.44
9nf7_B,72.44
9w9h_A,72.44
9cf8_A,72.45
9cf8_B,72.45
9cf8_C,72.45
9h6i_AN,72.46
8vvv_XX,72.46
9p76_SX,72.46
9p7g_SX,72.46
9p7w_SX,72.46
9p7y_SX,72.46
9pkg_SX,72.46
9y42_XX,72.46
9hs4_A,72.48
9hs4_B,72.48
9hs6_A,72.48
9hs6_B,72.48
9qf5_BC,72.50
9h6i_Ta,72.50
9qf5_Ah,72.51
9j6h_S5,72.53
9lvb_A,72.53
9qgg_A,72.56
9n70_SM,72.57
9n77_SM,72.57
9n79_SM,72.57
9z2d_A,72.58
9z2d_B,72.58
9z2d_C,72.58
9z2d_D,72.58
9z2d_E,72.58
9z2d_F,72.58
9z2d_G,72.58
9z2d_H,72.58
9uz6_A,72.59
9uz6_B,72.59
8vvv_V,72.65
9i2d_LV,72.65
9m0p_LV,72.65
9mr4_V,72.65
9qqa_BV,72.65
9s3b_LV,72.65
9yq1_V,72.65
9qo5_M,72.68
9iki_D,72.68
9iki_Q,72.68
9kuk_D,72.68
9kuk_Q,72.68
9kum_D,72.68
9kum_Q,72.68
9jed_R,72.70
9n70_LP,72.70
9nra_F,72.71
9nra_H,72.71
9i2d_NM,72.73
9s3b_NM,72.73
9fq7_4N,72.74
9fq7_4n,72.74
9fzl_4N,72.74
9fzl_4n,72.74
9n70_SW,72.76
9n77_SW,72.76
9n79_SW,72.76
9dhk_C,72.76
9dhk_F,72.76
9dhk_I,72.76
9dhk_L,72.76
9bwd_S,72.79
9bxv_S,72.79
9j6h_A1,72.79
9ku4_B,72.81
9s98_A,72.82
9s98_B,72.82
9s98_C,72.82
9j6h_S4,72.83
8vop_g,72.84
8vos_g,72.84
8y5m_A,72.84
8y5t_A,72.84
8ydh_A,72.84
8zfg_4,72.84
9jpm_4,72.84
9ss4_B4,72.84
9mr4_Q,72.84
9ejl_B,72.85
9ejm_B,72.85
9i2d_CR,72.85
9s3b_CR,72.85
9p9d_E,72.88
9p9d_F,72.88
9p9d_G,72.88
9p9d_H,72.88
9p9g_E,72.88
9p9g_F,72.88
9p9g_G,72.88
9p9g_H,72.88
8vvv_Q,72.90
9qqa_BQ,72.90
9yq1_Q,72.90
9gnu_E,72.90
8uxa_w,72.93
9yq5_A,72.94
9igu_X,72.95
9pgi_AX,72.95
9prx_AX,72.95
9qqa_MA,72.96
9phw_U,72.98
9phw_u,72.98
9p76_LG,72.99
9p7g_LG,72.99
9p7w_LG,72.99
9p7y_LG,72.99
9pkg_LG,72.99
9ubx_J,73.02
9ubx_j,73.02
9ubx_w,73.02
9w56_B,73.02
9w56_E,73.02
9w56_H,73.02
9w56_K,73.02
9bwd_h,73.02
9bxv_h,73.02
9n2d_E,73.03
9h6i_Xa,73.03
9sng_A,73.06
9sng_B,73.06
9cg3_C,73.07
9cg3_P,73.07
9hzl_B,73.07
9hzl_C,73.07
9hzl_O,73.07
9hzl_P,73.07
9g4a_A,73.10
9pd3_O,73.12
9pd4_O,73.12
8pet_A,73.12
8pet_C,73.12
8uxa_5,73.12
9uyn_R,73.13
9ek8_A,73.14
9ek8_C,73.14
9ek8_E,73.14
9ek8_G,73.14
9ek8_I,73.14
9ek8_K,73.14
9ek8_M,73.14
9ek8_O,73.14
9ek8_Q,73.14
9rs9_C,73.17
9lxp_R,73.17
9n70_LQ,73.21
9n77_LQ,73.21
8uxa_r,73.23
9iki_K,73.25
9iki_X,73.25
9kuk_K,73.25
9kuk_X,73.25
9kum_K,73.25
9kum_X,73.25
9ic9_A,73.26
9kxs_A,73.28
9y49_AS,73.31
9y4g_AS,73.31
9e0n_l,73.31
9ps6_A,73.32
9ps6_B,73.32
9ps6_C,73.32
9n70_L3,73.35
9n77_L3,73.35
9n79_L3,73.35
9igu_B,73.35
9pgi_AB,73.35
9prx_AB,73.35
9ujl_F,73.36
9ujp_F,73.36
9ukp_F,73.36
9v4m_F,73.36
9c9t_U,73.37
9c9t_W,73.37
9c9t_Y,73.37
9fyi_A,73.39
9fyi_B,73.39
9laz_A,73.41
9laz_D,73.41
9laz_G,73.41
9lb0_A,73.41
9lb0_D,73.41
9lb0_G,73.41
9bxv_Aa,73.41
9bxv_z,73.41
9c7h_Aa,73.41
9c7h_z,73.41
9qjo_B,73.42
9qjo_D,73.42
9h6i_AJ,73.44
9ijs_A,73.46
8vvv_P,73.47
9jw0_A,73.50
9v1j_sz,73.53
9qqa_Bs,73.59
9bwd_d,73.61
9bxv_d,73.61
9j6h_BK,73.61
9kn6_1A,73.67
9lti_A,73.72
9lti_B,73.72
9lti_C,73.72
9lti_D,73.72
9lti_E,73.72
9lti_F,73.72
9lti_G,73.72
9lti_I,73.72
9lti_J,73.72
9lti_K,73.72
9lti_N,73.72
9lti_O,73.72
9lti_P,73.72
9lti_Q,73.72
9lti_R,73.72
9lti_S,73.72
9hbn_B,73.74
9hbn_D,73.74
9e0n_N,73.76
9i2d_Ls,73.76
9s3b_Ls,73.76
9sob_J16,73.79
9sob_J24,73.79
9sob_J32,73.79
9sob_J8,73.79
9qf5_Be,73.79
9o5a_G,73.80
9mt4_I,73.82
9mt4_J,73.82
9mt4_K,73.82
9mt4_L,73.82
9mt4_M,73.82
9mt4_N,73.82
9ijs_C,73.83
9hym_8,73.85
9mgk_A,73.86
9ia0_B,73.86
9hqk_A,73.87
9hqk_B,73.87
9hqk_C,73.87
9hqk_D,73.87
9gs0_AI,73.89
9gs0_AJ,73.89
9gs0_AK,73.89
9gs0_AL,73.89
9gs0_AM,73.89
9gs0_AN,73.89
9gs0_AO,73.89
9gkb_A,73.90
9gkb_B,73.90
9gkb_C,73.90
9gkb_D,73.90
9le8_W,73.90
9le8_w,73.90
9cpa_u,73.91
9kn6_3m,73.91
9pzq_B,73.92
9pzq_D,73.92
9qf5_BH,73.93
9i2d_LQ,73.93
9m0p_LQ,73.93
9s3b_LQ,73.93
9y49_CQ,73.93
9y4g_CQ,73.93
8uxa_Z,73.96
9igj_K,73.97
9igj_L,73.97
9rqi_B,73.97
9lup_C,73.97
9frb_A,73.98
9frb_B,73.98
9frb_C,73.98
9frb_D,73.98
9frb_E,73.98
9fre_A,73.98
9fre_B,73.98
9fre_C,73.98
9fre_D,73.98
9fre_E,73.98
9g60_A,73.98
9g60_B,73.98
9g60_C,73.98
9g60_D,73.98
9g60_E,73.98
9g62_A,73.98
9g62_B,73.98
9g62_C,73.98
9g62_D,73.98
9g62_E,73.98
9e0n_c,73.98
9xb4_A,73.98
21ip_A,73.99
9t4r_4,73.99
9mqf_A,73.99
9y42_Q,74.02
9x0f_A,74.03
9x0f_B,74.03
9x0f_C,74.03
9x0f_D,74.03
9x0f_E,74.03
9x0f_F,74.03
9x0f_G,74.03
9x0f_H,74.03
9x0f_I,74.03
9x0f_J,74.03
9x0f_K,74.03
9x0f_L,74.03
9x0f_M,74.03
9x0f_N,74.03
9x0f_O,74.03
9x0f_P,74.03
9x0f_Q,74.03
9x0f_R,74.03
9j6h_B7,74.03
9pfq_F,74.04
9qqa_AZ,74.08
9odl_R,74.08
9mt4_O,74.08
9mt4_P,74.08
9n70_L7,74.08
9n77_L7,74.08
9n79_L7,74.08
9jxv_A,74.09
9jxv_B,74.09
9y4g_AF,74.09
9o9m_B,74.11
9o9m_D,74.11
9jf2_C,74.18
9jf2_D,74.18
9o5a_E,74.19
9ter_B,74.19
9nnk_J,74.20
9nnk_K,74.20
9pgi_H,74.20
9prx_H,74.20
9eil_K,74.23
9pgi_R,74.26
9prx_R,74.26
9fzl_3L,74.26
9fzl_3l,74.26
9olq_A,74.27
9olq_D,74.27
9olq_G,74.27
9olq_J,74.27
9olq_M,74.27
9p76_LQ,74.29
9p7g_LQ,74.29
9p7w_LQ,74.29
9p7y_LQ,74.29
9pkg_LQ,74.29
9nxc_H,74.29
9igu_K,74.30
9pgi_AK,74.30
9prx_AK,74.30
9iew_A,74.32
9ea3_A,74.32
9vyf_H,74.33
9vyf_I,74.33
9vyf_J,74.33
9vyf_K,74.33
9vyf_L,74.33
9vyf_M,74.33
9vyf_N,74.33
9vyf_O,74.33
9vyf_P,74.33
9vyf_Q,74.33
9vyf_R,74.33
9vyf_S,74.33
9h6i_AX,74.33
9kcz_A,74.34
9kcz_B,74.34
9kcz_C,74.34
9kcz_D,74.34
9kcz_E,74.34
9kcz_F,74.34
9d2p_A,74.36
9cpa_C,74.37
9mr4_q,74.37
9mni_E,74.38
9d02_A,74.38
9d02_B,74.38
9d03_A,74.38
9d03_B,74.38
9d04_A,74.38
9d04_B,74.38
9e0n_5,74.40
9ejc_F,74.41
9e0n_L,74.41
8vop_o,74.42
8vos_o,74.42
8y5m_E,74.42
8y5t_E,74.42
8ydh_E,74.42
8zfg_2,74.42
9hym_7,74.42
9jpm_2,74.42
9ss4_B8,74.42
9gdp_F,74.46
9kfr_A,74.47
9ojz_I,74.47
9om6_C,74.47
9om6_D,74.47
9pag_I,74.47
9pb9_I,74.47
9pbv_H,74.47
9n79_NW,74.47
9qqa_Ac,74.48
9r51_C,74.51
9r51_E,74.51
9r51_H,74.51
9r51_K,74.51
9r52_C,74.51
9i2d_SA,74.51
9kn6_SA,74.51
9m0p_SA,74.51
9s3b_SA,74.51
9ve6_A,74.52
8vvv_AA,74.53
9yq1_AA,74.53
9v1j_sp,74.53
9c9t_T,74.53
9c9t_V,74.53
9c9t_X,74.53
9i92_B,74.54
9i96_B,74.54
9i97_B,74.54
9igu_F,74.55
9pgi_AF,74.55
9prx_AF,74.55
9lvk_E,74.56
9lvk_F,74.56
9lvk_G,74.56
9lvk_O,74.56
9lvk_P,74.56
9lvk_Q,74.56
9n70_LU,74.56
9nnk_C,74.56
9nnk_D,74.56
9nnk_E,74.56
9nnk_F,74.56
9t4r_d,74.58
9uyn_A,74.61
9h6i_AA,74.61
9p7w_Lt,74.63
9p7y_Lt,74.63
8uxa_q,74.64
9fq7_3L,74.64
9fq7_3l,74.64
9oae_Ia,74.65
9oae_Ib,74.65
9oae_Ic,74.65
9oae_Id,74.65
9oae_Ie,74.65
9oae_If,74.65
9qxx_C,74.67
9qxx_D,74.67
9qxx_H,74.67
9qxx_I,74.67
9xzi_C,74.67
9lha_A,74.69
9lha_B,74.69
9lha_C,74.69
9lha_D,74.69
9lha_E,74.69
9htb_A,74.69
9htb_B,74.69
9htb_C,74.69
9htb_D,74.69
9y49_AR,74.69
9y4g_AR,74.69
9fq7_2U,74.71
9fq7_2u,74.71
9fzl_2U,74.71
9fzl_2u,74.71
9fy3_6,74.71
9ln8_A,74.74
9ln8_B,74.74
9vq1_B,74.75
9t5s_B,74.75
9t5s_D,74.75
9kug_A,74.76
9il4_A,74.76
9il4_B,74.76
9nwp_A,74.76
9nwp_B,74.76
9nwp_C,74.76
9nwp_D,74.76
9h6i_BB,74.77
9nnh_C,74.78
9nnh_D,74.78
9nnh_E,74.78
9nnh_F,74.78
9brn_A,74.78
9brp_A,74.78
9pgi_T,74.82
9prx_T,74.82
9ouo_D,74.83
9j6h_BL,74.83
9qf5_BJ,74.86
8uxa_z,74.87
9edt_A,74.87
9rpd_A,74.87
9rpd_C,74.87
9rpd_E,74.87
9rpd_G,74.87
9ky4_D,74.87
9r4t_A,74.89
9l3f_A,74.90
9l3f_B,74.90
9l3f_C,74.90
9l3f_D,74.90
9wxm_R,74.95
9ooo_A,74.98
9ooo_B,74.98
9ooo_C,74.98
9ooo_D,74.98
9qtr_i,74.98
9v1j_sc,75.01
9pd3_B,75.01
9pd4_B,75.01
9igp_A,75.03
9igp_B,75.03
8vop_v,75.04
8vos_v,75.04
8y5m_m,75.04
8y5t_m,75.04
8ydh_m,75.04
9hym_m,75.04
9ss4_BP,75.04
9xdg_A,75.04
9xdg_B,75.04
8pet_B,75.05
8pet_D,75.05
8pet_E,75.05
9l9u_A,75.07
9l9u_B,75.07
9l9u_C,75.07
9l9u_D,75.07
9n70_SL,75.08
9n77_SL,75.08
9n79_SL,75.08
9v1k_sg,75.10
8vop_H,75.10
8vos_H,75.10
9k49_H,75.11
9quq_H,75.11
9ugj_A,75.12
9ugj_B,75.12
9ugj_C,75.12
9ugj_D,75.12
9ugj_E,75.12
9ugj_F,75.12
9ugj_G,75.12
9ugj_H,75.12
9oop_A,75.13
9oop_B,75.13
9oop_C,75.13
9oop_D,75.13
9pgi_c,75.17
9prx_c,75.17
9w2c_A,75.18
9w2c_B,75.18
9w2c_C,75.18
9w2c_D,75.18
9j6h_S8,75.20
9bwd_f,75.24
9bxv_f,75.24
9qf5_Bb,75.24
9dhk_B,75.26
9dhk_K,75.26
9pfd_B,75.26
9vh1_D,75.26
9vh1_E,75.26
9hvr_A,75.26
9oae_Da,75.28
9oae_Db,75.28
9oae_Dc,75.28
9oae_Dd,75.28
9oae_De,75.28
9oae_Df,75.28
9oae_Dg,75.28
9oae_Dh,75.28
9oae_Di,75.28
9oae_Dj,75.28
9oae_Dk,75.28
9oae_Dl,75.28
9f79_A,75.29
9f79_B,75.29
9n70_OH,75.29
9n77_OH,75.29
9hym_z,75.29
9rc4_A,75.30
9rc4_B,75.30
8uxa_e,75.30
9j6h_CB,75.30
9v1k_st,75.30
8uxa_AB,75.31
9q2a_B,75.31
9iki_F,75.31
9iki_S,75.31
9kuk_F,75.31
9kuk_S,75.31
9kum_F,75.31
9kum_S,75.31
9pf1_D,75.33
9gsr_A,75.33
9gsr_B,75.33
9fy3_m,75.34
9bwd_g,75.35
9bxv_g,75.35
8vop_Z,75.37
8vos_Z,75.37
9lz2_A,75.39
9oae_Fa,75.40
9oae_Fb,75.40
9oae_Fc,75.40
9oae_Fd,75.40
9oae_Fe,75.40
9oae_Ff,75.40
9le8_E,75.42
9le8_e,75.42
8zfg_l,75.42
9jpm_l,75.42
9ri9_B,75.45
9ri9_D,75.45
9ri9_G,75.45
9ri9_I,75.45
9ri9_J,75.45
9ri9_L,75.45
9ouz_A,75.45
9ouz_B,75.45
9ouz_C,75.45
9ouz_D,75.45
9ouz_E,75.45
9ouz_F,75.45
9ouz_G,75.45
9ouz_H,75.45
9ouz_I,75.45
9pdl_D,75.51
9arw_A,75.52
9mr4_S,75.53
9qqa_BS,75.53
9hwk_F,75.54
9qf5_Am,75.57
9n70_SC,75.58
9n70_SD,75.58
9n77_SC,75.58
9n77_SD,75.58
9n79_SC,75.58
9n79_SD,75.58
9qf5_Bg,75.62
9id8_A,75.63
9id8_B,75.63
9idb_A,75.63
9idb_B,75.63
9idf_A,75.63
9idf_B,75.63
9ido_A,75.63
9ido_B,75.63
9idt_A,75.63
9idt_B,75.63
9idx_A,75.63
9idx_B,75.63
9ie0_A,75.63
9ie0_B,75.63
9iea_A,75.63
9iea_B,75.63
9ieb_A,75.63
9ieb_B,75.63
9iec_A,75.63
9iec_B,75.63
9iej_A,75.63
9iej_B,75.63
9iem_A,75.63
9iem_B,75.63
9ieo_A,75.63
9ieo_B,75.63
8uxa_I,75.66
9jni_A,75.67
9c13_A,75.69
9c13_C,75.69
9ju6_A,75.71
9ju6_B,75.71
9fy3_0,75.72
8uxa_C,75.73
9h6i_BR,75.73
9cpa_0,75.79
9i2d_SO,75.79
9kn6_SO,75.79
9m0p_SO,75.79
9mr4_MM,75.79
9qqa_An,75.79
9s3b_SO,75.79
9qeq_i,75.83
9q2a_R,75.84
9j93_A,75.85
9j95_A,75.85
9j95_C,75.85
9t4r_z,75.85
8vvv_M,75.88
9mr4_M,75.88
9qqa_BM,75.88
9yq1_M,75.88
9ly3_B,75.88
9y6v_A,75.88
9y6v_B,75.88
9y6v_C,75.88
9y6v_D,75.88
9arw_B,75.88
9unk_B,75.90
9unk_D,75.90
9ofb_A,75.92
9ofb_B,75.92
9ofc_A,75.92
9ofc_B,75.92
9ofc_G,75.92
9ofc_H,75.92
9ofc_K,75.92
9ofc_L,75.92
9ofd_A,75.92
9ofd_B,75.92
9ofd_G,75.92
9ofd_H,75.92
9ofd_K,75.92
9ofd_L,75.92
9ihe_L,75.92
9ihe_N,75.92
9cf8_S,75.92
9nhc_A,75.95
9q7o_W,75.95
9h6i_BI,75.95
9e7u_C,75.97
9e04_A,75.98
9e04_C,75.98
9e04_E,75.98
9e07_A,75.98
9e07_C,75.98
9e07_E,75.98
9pgi_C,75.98
9e0n_3,75.99
9sv3_G,76.00
9sv3_H,76.00
9km6_A,76.01
9km6_B,76.01
9v1j_sf,76.03
8yy2_A,76.10
8yy4_A,76.10
9da8_B,76.10
9da8_L,76.10
9gnu_A,76.10
9gnu_C,76.10
9h32_A,76.10
9h32_C,76.10
9h33_A,76.10
9h33_C,76.10
9n9f_A,76.10
9n9f_C,76.10
9rcv_A,76.11
9a9b_A,76.12
9nx2_E,76.12
8uxa_y,76.12
9lcz_A,76.13
9v1k_sq,76.14
9h85_E,76.15
9h89_E,76.15
9bfc_I,76.17
9e3f_E,76.19
9u6p_H,76.20
9u6w_H,76.20
9n70_NG,76.21
9n77_NG,76.21
9n79_NG,76.21
9k44_D,76.21
9k44_H,76.21
9pgi_I,76.22
9prx_I,76.22
9k7f_I,76.22
9kdo_I,76.22
9he0_A,76.23
9he0_B,76.23
9bxv_I,76.25
9yd8_A,76.28
9yd8_B,76.28
9e6b_A,76.30
9e6b_B,76.30
9e6b_C,76.30
9e6b_D,76.30
9e6b_E,76.30
9e6c_A,76.30
9e6c_B,76.30
9e6c_C,76.30
9e6c_D,76.30
9e6c_E,76.30
9e3f_C,76.30
9i2d_LM,76.30
9m0p_LM,76.30
9s3b_LM,76.30
9qwn_A,76.31
9gtu_B,76.32
9v1k_sv,76.32
9iqc_A,76.37
9dyp_A,76.38
9dyp_B,76.38
9dyp_C,76.38
9dyp_D,76.38
9dyr_A,76.38
9dyr_B,76.38
9dyr_C,76.38
9dyr_D,76.38
9dyr_E,76.38
9dyr_F,76.38
9dyr_G,76.38
9dyr_H,76.38
9dyr_I,76.38
9dyr_J,76.38
9u6k_N,76.38
9h6i_Ra,76.39
9pdl_F,76.40
9pf1_F,76.40
9y49_Cm,76.40
9dlv_A,76.41
9yda_R,76.44
9fyx_C,76.44
9qeq_C,76.44
9qqa_Ap,76.44
9h6i_Ya,76.51
9pfo_B,76.52
9pfo_F,76.52
9pfo_J,76.52
9pfo_N,76.52
9l8l_C,76.54
9ouo_B,76.55
9ouo_E,76.55
8vvv_dd,76.55
9p76_Sd,76.55
9p7g_Sd,76.55
9p7w_Sd,76.55
9p7y_Sd,76.55
9pkg_Sd,76.55
9y42_dd,76.55
9die_A,76.58
9die_B,76.58
9ozo_A,76.58
9ozo_B,76.58
9bwd_E,76.59
9bxv_E,76.59
9she_A,76.60
9she_B,76.60
9she_C,76.60
9she_D,76.60
9she_E,76.60
8vop_X,76.61
8vos_X,76.61
8y5m_R,76.61
8y5t_R,76.61
8ydh_R,76.61
8zfg_M,76.61
9h9k_M,76.61
9jpm_M,76.61
9o3f_H,76.63
9o3f_V,76.63
9y0k_H,76.63
9y0k_V,76.63
9hp8_L,76.66
9hp8_M,76.66
9hp8_N,76.66
9hp8_O,76.66
9rt2_C1,76.66
9rt2_C2,76.66
9rt2_C3,76.66
9rt2_C4,76.66
9hcl_A,76.67
9hcm_A,76.67
9hcn_A,76.67
9hcp_A,76.67
9hcv_A,76.67
9hf6_A,76.67
9hfg_A,76.67
9h22_AA,76.68
9h22_AB,76.68
9h22_AC,76.68
9h22_AD,76.68
9h22_AE,76.68
9h22_AF,76.68
9h22_AG,76.68
9h22_AH,76.68
9h22_AI,76.68
9h22_AJ,76.68
9h22_AK,76.68
9h22_AL,76.68
9h22_AM,76.68
9h22_AN,76.68
9h22_AO,76.68
9h22_AP,76.68
9h22_AQ,76.68
9h22_AR,76.68
9h22_AS,76.68
9h22_AT,76.68
9h22_AU,76.68
9h22_AV,76.68
9h22_AW,76.68
9h22_AX,76.68
9k49_F,76.69
9k49_G,76.69
8ry4_A,76.70
8ry4_B,76.70
8ry4_C,76.70
8ry4_D,76.70
8ry4_E,76.70
8ry4_F,76.70
8ry4_G,76.70
8ry4_H,76.70
8ry5_A,76.70
8ry5_B,76.70
8ry5_C,76.70
8ry5_D,76.70
8ry5_E,76.70
8ry5_F,76.70
8ry5_G,76.70
8ry5_H,76.70
8vvv_m,76.70
9p76_Lm,76.70
9p7g_Lm,76.70
9p7w_Lm,76.70
9p7y_Lm,76.70
9pkg_Lm,76.70
9y4g_Cm,76.70
9mej_A,76.70
9mej_B,76.70
9mej_C,76.70
9mej_D,76.70
9t99_A,76.71
9ebg_B,76.71
9ebg_D,76.71
9wy8_A,76.75
9wy8_B,76.75
9wy8_C,76.75
9wy8_D,76.75
9wy8_E,76.75
9wy8_F,76.75
9h1v_A,76.75
9h1v_D,76.75
9hp8_I,76.75
8w23_A,76.75
8w23_B,76.75
8w23_C,76.75
8w23_D,76.75
8w23_E,76.75
8w23_F,76.75
8w23_G,76.75
8w23_H,76.75
8w23_I,76.75
8w23_K,76.75
8w23_L,76.75
8w23_M,76.75
8w23_N,76.75
8w23_O,76.75
8w23_P,76.75
8w23_Q,76.75
8w23_R,76.75
8w23_S,76.75
8w23_T,76.75
8w23_U,76.75
8w27_A,76.75
8w27_B,76.75
8w27_C,76.75
8w27_D,76.75
8w27_E,76.75
8w27_F,76.75
8w27_G,76.75
8w27_H,76.75
8w27_I,76.75
8w27_J,76.75
8w27_L,76.75
8w27_M,76.75
8w27_N,76.75
8w27_O,76.75
8w27_P,76.75
8w27_Q,76.75
8w27_R,76.75
8w27_S,76.75
8w27_T,76.75
8w27_U,76.75
8w28_D,76.75
8w28_Q,76.75
9u6l_N,76.77
8z5u_b,76.77
8z5u_c,76.77
8z5u_d,76.77
8z5u_e,76.77
8z5u_f,76.77
8z5w_b,76.77
8z5w_c,76.77
8z5w_d,76.77
8z5w_e,76.77
8z5w_f,76.77
8z5x_AS,76.77
8z5x_AT,76.77
8z5x_AU,76.77
8z5x_AV,76.77
8z5x_AW,76.77
9bwd_L,76.78
9bxv_L,76.78
9cpa_V,76.78
9mr4_PP,76.78
9h6i_Ca,76.78
9t4r_M,76.79
9h6i_Ua,76.79
9j6h_S3,76.79
9ngm_A,76.80
9ngm_B,76.80
9pgi_q,76.80
9prx_q,76.80
9pdl_C,76.82
9pf1_C,76.82
9e0n_2,76.83
9e0n_R,76.85
9bji_P,76.86
9hbk_C,76.86
9ubx_L,76.86
9ubx_l,76.86
9ubx_y,76.86
8vop_t,76.86
8vos_t,76.86
8y5m_k,76.86
8y5t_k,76.86
8ydh_k,76.86
8zfg_j,76.86
9hym_k,76.86
9jpm_j,76.86
9ss4_BN,76.86
9i2d_LP,76.90
9m0p_LP,76.90
9s3b_LP,76.90
9i6h_A,76.90
9i6h_B,76.90
9i6h_C,76.90
9i6h_D,76.90
9i6h_E,76.90
9i2d_ST,76.91
9kn6_ST,76.91
9m0p_ST,76.91
9qqa_As,76.91
9s3b_ST,76.91
9cpa_f,76.92
9i2d_Sf,76.92
9kn6_sh,76.92
9mr4_0,76.92
9qqa_AC,76.92
9s3b_Sf,76.92
9yq1_ff,76.92
9u84_A,76.93
9u84_B,76.93
9yq1_TT,76.93
9cpa_E,76.96
9t4r_N,76.97
9nv9_A,76.99
9nv9_B,76.99
9nv9_C,76.99
9nv9_D,76.99
9nv9_E,76.99
9nv9_F,76.99
9nv9_G,76.99
9nvd_A,76.99
9nvd_B,76.99
9nvd_C,76.99
9nvd_D,76.99
9nvd_E,76.99
9nvd_F,76.99
9ojz_A,76.99
9ojz_B,76.99
9ojz_C,76.99
9ojz_D,76.99
9ojz_E,76.99
9ojz_F,76.99
9pag_A,76.99
9pag_B,76.99
9pag_C,76.99
9pag_D,76.99
9pag_E,76.99
9pag_F,76.99
9pb9_A,76.99
9pb9_B,76.99
9pb9_C,76.99
9pb9_D,76.99
9pb9_E,76.99
9pb9_F,76.99
9pbv_A,76.99
9pbv_B,76.99
9pbv_C,76.99
9pbv_D,76.99
9pbv_E,76.99
9pbv_F,76.99
9j6h_B2,76.99
9ucp_A,77.00
9zuz_D,77.02
9i2d_Lk,77.03
9m0p_Lk,77.03
9qqa_Bk,77.03
9s3b_Lk,77.03
9yq1_k,77.03
9ejc_C,77.06
9i54_G,77.06
9jft_G,77.06
9k3p_G,77.06
9kug_G,77.06
9kxs_G,77.06
9kz2_G,77.06
9ll7_C,77.06
9lla_C,77.06
9m0r_G,77.06
9odl_G,77.06
9umj_G,77.06
9uy3_G,77.06
9v2n_G,77.06
9v6o_G,77.06
9vo0_C,77.06
9wxm_C,77.06
9yda_G,77.06
9u62_B,77.07
9u42_A,77.08
9cpa_e,77.09
9i2d_Sd,77.09
9kn6_Sd,77.09
9m0p_Sd,77.09
9mr4_9,77.09
9qqa_AG,77.09
9s3b_Sd,77.09
9yq1_dd,77.09
9mf5_B,77.10
9mip_B,77.10
9p7g_SC,77.12
9p7w_SC,77.12
9p7y_SC,77.12
9pkg_SC,77.12
9le8_F,77.13
9le8_f,77.13
9cm1_0,77.13
9cm1_1,77.13
9cm1_2,77.13
9cm1_3,77.13
9cm1_4,77.13
9cm1_5,77.13
9cm1_6,77.13
9cm1_7,77.13
9cm1_8,77.13
9cm1_9,77.13
9cm1_A,77.13
9cm1_B,77.13
9cm1_C,77.13
9cm1_D,77.13
9cm1_E,77.13
9cm1_F,77.13
9cm1_G,77.13
9cm1_H,77.13
9cm1_I,77.13
9cm1_J,77.13
9cm1_K,77.13
9cm1_L,77.13
9cm1_M,77.13
9cm1_N,77.13
9cm1_O,77.13
9cm1_P,77.13
9cm1_Q,77.13
9cm1_R,77.13
9cm1_S,77.13
9cm1_T,77.13
9cm1_U,77.13
9cm1_V,77.13
9cm1_W,77.13
9cm1_X,77.13
9cm1_Y,77.13
9cm1_Z,77.13
9cm1_c,77.13
9cm1_d,77.13
9cm1_e,77.13
9cm1_f,77.13
9cm1_g,77.13
9cm1_h,77.13
9cm1_i,77.13
9cm1_j,77.13
9cm1_k,77.13
9cm1_l,77.13
9cm1_m,77.13
9cm1_n,77.13
9cm1_o,77.13
9cm1_p,77.13
9cm1_q,77.13
9cm1_r,77.13
9cm1_s,77.13
9cm1_t,77.13
9cm1_u,77.13
9cm1_v,77.13
9cm1_w,77.13
9cm1_x,77.13
9cm1_y,77.13
9cm1_z,77.13
9v1k_sd,77.14
9ef5_C,77.14
9r2z_B,77.14
9ghk_Q,77.15
9n2d_A,77.16
8zjy_E,77.17
9sob_J,77.19
9qf5_Ak,77.19
9gdf_A,77.20
9kxs_B,77.21
9umj_A,77.21
9mln_C,77.22
9mln_G,77.22
9mln_A,77.24
9mln_E,77.24
9gzo_B,77.24
9r95_B,77.24
9kzn_A,77.24
9v1k_sE,77.25
9n70_SJ,77.25
9n70_SK,77.25
9n77_SJ,77.25
9n77_SK,77.25
9n79_SJ,77.25
9n79_SK,77.25
9y49_Ad,77.25
9y4g_Ad,77.25
9r51_A,77.30
9r51_D,77.30
9r51_G,77.30
9r51_J,77.30
9r52_A,77.30
9cpa_F,77.31
9mr4_w,77.31
9yq1_DD,77.31
9fy3_X,77.31
9kyz_C,77.32
9kyz_D,77.32
9e7v_M,77.32
9np9_A,77.33
9mr4_i,77.34
9fy3_K,77.36
9gsv_A,77.36
9gsw_A,77.36
9ouo_A,77.38
9ouo_C,77.38
9cpa_Q,77.40
9mmq_B,77.40
8vop_R,77.42
8vos_R,77.42
8y5m_Q,77.42
8y5t_Q,77.42
8ydh_Q,77.42
8zfg_L,77.42
9jpm_L,77.42
9wwf_A,77.44
9fat_B,77.45
9fat_E,77.45
9t4r_w,77.48
9e0n_4,77.48
9h1u_I,77.49
9h1u_J,77.49
9h1u_K,77.49
9h1u_L,77.49
9t4r_U,77.53
9dhk_H,77.53
9oq2_A,77.54
9oq6_A,77.54
9ccu_A,77.54
9edk_A,77.54
9h6i_BM,77.55
9r51_B,77.55
9r51_F,77.55
9r51_I,77.55
9r51_L,77.55
9r52_B,77.55
9kmc_C,77.55
9jft_R,77.56
9fq7_3C,77.58
9fq7_3c,77.58
9v1k_sD,77.58
9y49_AT,77.58
9y4g_AT,77.58
9n4q_A,77.58
9n4q_B,77.58
9n4q_C,77.58
9n4q_D,77.58
9n4r_A,77.58
9n4r_B,77.58
9n4r_C,77.58
9n4r_D,77.58
9ifm_P,77.59
9ifm_p,77.59
9qqa_Bi,77.59
9yq1_i,77.59
9i2d_SD,77.60
9kn6_SD,77.60
9m0p_SD,77.60
9rsx_RD,77.60
9s3b_SD,77.60
9e0n_X,77.61
9nyg_A,77.61
9kug_B,77.61
9kz2_A,77.61
8uxa_h,77.62
9s4g_A,77.62
9s4g_B,77.62
9s4g_C,77.62
9s4g_D,77.62
9nx2_B,77.63
9p7g_SO,77.63
9p7w_SO,77.63
9p7y_SO,77.63
9pkg_SO,77.63
9fmg_B,77.65
9fmg_C,77.65
9ifx_C,77.69
9n70_OU,77.69
9n77_OU,77.69
9i2d_Li,77.70
9m0p_Li,77.70
9s3b_Li,77.70
8uxa_H,77.71
9y49_Ci,77.72
9y4g_Ci,77.72
9fy3_Q,77.73
9hwk_I,77.76
8z5u_1,77.76
8z5u_2,77.76
8z5u_3,77.76
8z5u_y,77.76
8z5u_z,77.76
8z5x_0,77.76
8z5x_9,77.76
8z5x_AP,77.76
8z5x_Ak,77.76
8z5x_Al,77.76
8se2_A,77.78
8se2_B,77.78
8se4_A,77.78
8se4_B,77.78
9kfi_A,77.78
9fzl_3C,77.80
9fzl_3c,77.80
9m9p_A,77.80
9mv0_A,77.81
9mv0_C,77.81
9n77_NP,77.81
9n79_NP,77.81
9faq_B,77.82
9faq_E,77.82
9v1j_sy,77.82
9fi0_A,77.86
9fi0_B,77.86
9p76_SO,77.86
9qqa_BP,77.86
9yq1_P,77.86
9h6i_Ka,77.88
9cpa_R,77.88
9mr4_WW,77.88
9qqa_Ao,77.88
9yq1_PP,77.88
9p76_ST,77.89
9p7g_ST,77.89
9p7w_ST,77.89
9p7y_ST,77.89
9pkg_ST,77.89
9p76_SC,77.89
9pzq_A,77.89
9pzq_C,77.89
8vvv_i,77.90
9y42_i,77.90
9i8c_A,77.90
9qf5_Ac,77.91
9qj2_A,77.93
9qj2_B,77.93
9p76_Li,77.96
9p7g_Li,77.96
9p7w_Li,77.96
9p7y_Li,77.96
9pkg_Li,77.96
8yy2_B,77.97
8yy4_B,77.97
8vvv_Z,77.98
9i2d_LZ,77.98
9m0p_LZ,77.98
9mr4_Z,77.98
9qqa_BZ,77.98
9s3b_LZ,77.98
9yq1_Z,77.98
9fy3_W,77.99
9da8_A,78.02
9da8_C,78.02
9da8_K,78.02
9da8_M,78.02
9edt_B,78.02
9n9f_B,78.02
9rpd_B,78.02
9rpd_D,78.02
9yq1_m,78.04
9pd3_N,78.04
9pd4_N,78.04
9y42_m,78.05
9e5z_B,78.05
9efm_B,78.05
9eg8_B,78.05
9qo5_B,78.05
8vvv_OO,78.05
9y49_AO,78.05
9y4g_AO,78.05
9fi6_A,78.07
9fi6_B,78.07
9fi6_C,78.07
9fi6_D,78.07
9jtz_A,78.10
9jtz_B,78.10
9jtz_C,78.10
9zrk_A,78.11
9zrk_B,78.11
9zrk_C,78.11
9zrk_D,78.11
9g6h_E,78.12
9g6h_e,78.12
9i2d_SP,78.12
9kn6_SP,78.12
9m0p_SP,78.12
9s3b_SP,78.12
9dgc_A,78.12
9nyg_B,78.12
9nyg_G,78.12
9y42_CC,78.13
9tdv_A,78.15
9tdv_B,78.15
9tdv_C,78.15
9tdv_D,78.15
9ehs_R,78.15
8vop_l,78.16
8vos_l,78.16
8y5m_d,78.16
8y5t_d,78.16
8ydh_d,78.16
8zfg_e,78.16
9hym_e,78.16
9jpm_e,78.16
9ss4_BD,78.16
9v1j_sb,78.16
9fi5_A,78.17
9fi5_B,78.17
9fi5_C,78.17
9fi5_D,78.17
9moh_OC,78.17
9moh_OD,78.17
9moh_OE,78.17
9moh_OF,78.17
9moh_OG,78.17
9moh_OH,78.17
9moh_OI,78.17
9moh_OJ,78.17
9moh_OK,78.17
9moh_OL,78.17
9moh_OM,78.17
9moh_ON,78.17
9moh_OO,78.17
9moh_Oh,78.17
9moh_Oi,78.17
9moh_Oj,78.17
9moh_Ok,78.17
9moh_Ol,78.17
9moh_Om,78.17
9moh_On,78.17
9moh_Oo,78.17
9moh_Op,78.17
9moh_Oq,78.17
9moh_Or,78.17
9moh_Os,78.17
9moh_Ot,78.17
9moh_PC,78.17
9moh_PD,78.17
9moh_PE,78.17
9moh_PF,78.17
9moh_PG,78.17
9moh_PH,78.17
9moh_PI,78.17
9moh_PJ,78.17
9moh_PK,78.17
9moh_PL,78.17
9moh_PM,78.17
9moh_PN,78.17
9moh_PO,78.17
9moh_Ph,78.17
9moh_Pi,78.17
9moh_Pj,78.17
9moh_Pk,78.17
9moh_Pl,78.17
9moh_Pm,78.17
9moh_Pn,78.17
9moh_Po,78.17
9moh_Pp,78.17
9moh_Pq,78.17
9moh_Pr,78.17
9moh_Ps,78.17
9moh_Pt,78.17
9moh_RC,78.17
9moh_RD,78.17
9moh_RE,78.17
9moh_RF,78.17
9moh_RG,78.17
9moh_RH,78.17
9moh_RI,78.17
9moh_RJ,78.17
9moh_RK,78.17
9moh_RL,78.17
9moh_RM,78.17
9moh_RN,78.17
9moh_RO,78.17
9moh_RR,78.17
9moh_RS,78.17
9moh_RT,78.17
9moh_Rk,78.17
9moh_Rl,78.17
9moh_Rm,78.17
9moh_Rn,78.17
9moh_Ro,78.17
9moh_Rp,78.17
9moh_Rq,78.17
9moh_Rr,78.17
9moh_Rs,78.17
9moh_Rt,78.17
9cpa_H,78.18
9e0n_m,78.19
9c13_B,78.19
9c13_D,78.19
9n7d_A,78.21
9oae_Ea,78.21
9oae_Eb,78.21
9oae_Ec,78.21
9oae_Ed,78.21
9oae_Ee,78.21
9oae_Ef,78.21
9oae_Eg,78.21
9oae_Eh,78.21
9oae_Ei,78.21
9oae_Ej,78.21
9oae_Ek,78.21
9oae_El,78.21
9e0n_D,78.22
9vdn_A,78.23
9qeq_k,78.23
9fy3_4,78.24
9t4r_v,78.25
9gpe_A,78.26
9hhj_A,78.26
9v1k_ss,78.26
9u93_A,78.26
9u93_B,78.26
9u93_C,78.26
9u94_A,78.26
9u94_B,78.26
9u94_C,78.26
9cpa_B,78.27
9y42_S,78.29
9y42_TT,78.29
9gc7_B,78.29
9fy3_D,78.31
9mui_A,78.32
9mui_B,78.32
9mui_C,78.32
9mui_D,78.32
9ef5_D,78.33
9p76_SP,78.34
9p7g_SP,78.34
9p7w_SP,78.34
9p7y_SP,78.34
9pkg_SP,78.34
8vvv_TT,78.34
9pgi_K,78.34
9prx_K,78.34
9dhm_A,78.40
9dhm_B,78.40
9kxz_B,78.41
9kxz_D,78.41
9nez_B,78.41
9nez_F,78.41
9nf0_B,78.41
9nf0_F,78.41
9nwj_A,78.42
9nwj_B,78.42
9nwj_C,78.42
9nwj_D,78.42
8vvv_X,78.42
9mr4_X,78.42
9qqa_BX,78.42
9yq1_X,78.42
9dhk_E,78.43
8vvv_t,78.44
9l16_R,78.45
9p76_LS,78.45
9p7g_LS,78.45
9p7w_LS,78.45
9p7y_LS,78.45
9pkg_LS,78.45
9y49_CS,78.45
9y4g_CS,78.45
9y49_AP,78.45
9lxp_B,78.46
9gnu_B,78.46
9gnu_D,78.46
9h32_B,78.46
9h32_D,78.46
9h33_B,78.46
9h33_D,78.46
9snt_A,78.46
9gr0_B,78.47
9gr0_C,78.47
9h6i_BL,78.47
9i2d_LS,78.48
9m0p_LS,78.48
9s3b_LS,78.48
9dhk_A,78.49
9dhk_D,78.49
9dhk_J,78.49
9pfd_A,78.49
22nu_A,78.50
9y42_J,78.51
9cpa_d,78.52
9i2d_Sc,78.52
9kn6_Sc,78.52
9m0p_Sc,78.52
9mr4_FF,78.52
9qqa_AB,78.52
9s3b_Sc,78.52
9yq1_cc,78.52
9bwd_N,78.52
9bxv_N,78.52
9h6i_AO,78.54
9z5q_B,78.55
9m2g_A,78.55
9m2g_B,78.55
9h6i_BU,78.56
9m2d_A,78.56
9e3f_B,78.56
9nx2_C,78.56
9yq1_S,78.57
9e0n_7,78.57
9unk_A,78.57
9unk_C,78.57
8uxa_7,78.57
9l2b_A,78.57
9mr4_P,78.60
9mr4_k,78.62
9pfq_E,78.64
9h6i_AK,78.65
9h6i_BN,78.65
9y49_Ct,78.65
9rcv_E,78.65
9fyx_J,78.66
9qeq_J,78.66
9k3o_A,78.70
9iki_H,78.71
9iki_U,78.71
9kuk_H,78.71
9kuk_U,78.71
9kum_H,78.71
9kum_U,78.71
9cpa_P,78.71
9i2d_SN,78.71
9kn6_SN,78.71
9m0p_SN,78.71
9mr4_QQ,78.71
9qqa_Am,78.71
9s3b_SN,78.71
9yq1_NN,78.71
9y49_Cd,78.72
9y4g_Cd,78.72
8vop_J,78.72
8vos_J,78.72
8y5m_I,78.72
8y5t_I,78.72
8ydh_I,78.72
8zfg_D,78.72
9jpm_D,78.72
9vyr_A,78.72
9vyr_B,78.72
9ejc_E,78.72
9igu_b,78.75
9kps_D,78.75
8z5u_r,78.75
8z5u_s,78.75
8z5u_t,78.75
8z5u_u,78.75
8z5u_v,78.75
8z5u_w,78.75
8z5x_Ad,78.75
8z5x_Ae,78.75
8z5x_Af,78.75
8z5x_Ag,78.75
8z5x_Ah,78.75
8z5x_Ai,78.75
9wfi_A,78.75
9wfi_B,78.75
9qaf_M,78.76
9qaf_a,78.76
9qbi_M,78.76
9qbi_a,78.76
9s78_M,78.76
9s78_a,78.76
9t4r_3,78.76
9rn4_A,78.78
9rn4_B,78.78
9rn4_C,78.78
9rn4_D,78.78
9vkq_d,78.78
8uxa_X,78.78
9t4r_p,78.79
9j0t_A,78.79
9j0t_B,78.79
9oac_Ca,78.80
9oac_Cb,78.80
9oac_Cc,78.80
9oac_Cd,78.80
9oac_Ce,78.80
9oae_Ca,78.80
9oae_Cb,78.80
9oae_Cc,78.80
9oae_Cd,78.80
9oae_Ce,78.80
9q8k_A,78.81
9q8k_B,78.81
9nbo_A,78.81
9cf8_0,78.82
9phw_E,78.84
9phw_e,78.84
9zz6_H,78.85
9t4r_C,78.85
9j6h_B5,78.85
8zod_c,78.86
8zoi_c,78.86
9y42_OO,78.86
9utj_B,78.88
9utj_D,78.88
9utj_F,78.88
9utj_H,78.88
9utj_J,78.88
9utj_L,78.88
9qf5_BR,78.88
9fat_A,78.91
9fat_D,78.91
9y4g_AC,78.91
9rmc_W,78.93
9rn1_W,78.93
9g7t_A,78.93
9qf5_BV,78.98
20yr_A,79.00
20yr_B,79.00
20yr_C,79.00
20yr_D,79.00
20yr_E,79.00
9p76_Lt,79.00
9p7g_Lt,79.00
9pkg_Lt,79.00
9y42_DD,79.02
9y4g_AP,79.03
9lhn_A,79.03
9lhn_B,79.03
9faq_A,79.06
9faq_D,79.06
8uxa_N,79.07
9zpt_A,79.07
9zpt_B,79.07
9zpt_C,79.07
9zpt_D,79.07
9l1t_A,79.07
9cf8_N,79.07
9fy3_c,79.09
9tqc_A,79.10
9tqc_B,79.10
9tqc_C,79.10
9tqc_D,79.10
9tqc_E,79.10
9tqc_F,79.10
9oq6_B,79.13
9zz6_K,79.13
9dcx_A,79.14
9dlv_D,79.14
9mt4_Q,79.14
9mt4_R,79.14
9laz_C,79.14
9laz_F,79.14
9laz_I,79.14
9lb0_C,79.14
9lb0_F,79.14
9lb0_I,79.14
9muc_A,79.16
9muc_B,79.16
9muc_C,79.16
9muc_D,79.16
9muc_E,79.16
9muc_F,79.16
9muc_G,79.16
9muc_H,79.16
9j93_B,79.16
9j95_B,79.16
9j95_D,79.16
9oq2_B,79.18
9t4r_S,79.19
7zpe_A,79.19
9nbm_A,79.20
9e0n_E,79.20
9e0n_n,79.20
9n70_LG,79.22
9n77_LG,79.22
9n79_LG,79.22
9hax_A,79.22
9hax_B,79.22
9hax_C,79.22
9hax_D,79.22
9hax_E,79.22
9hax_F,79.22
9hax_G,79.22
9hax_H,79.22
9hax_I,79.22
9hax_J,79.22
9hax_K,79.22
9hax_L,79.22
9qal_A,79.22
9k1h_A,79.23
8uxa_t,79.24
9lmo_R,79.25
9igu_Q,79.27
9pgi_AQ,79.27
9prx_AQ,79.27
9zpy_A,79.27
9zpy_B,79.27
9zpy_C,79.27
9zpy_D,79.27
9x1l_A,79.28
9x1l_B,79.28
9x1l_C,79.28
9x1l_D,79.28
9x1l_E,79.28
9x1l_F,79.28
8vop_j,79.28
8vos_j,79.28
8y5m_c,79.28
8y5t_c,79.28
8ydh_c,79.28
8zfg_d,79.28
9hym_d,79.28
9jpm_d,79.28
9ss4_BC,79.28
9miq_A,79.30
9miq_B,79.30
9miq_C,79.30
9miq_D,79.30
9miq_E,79.30
9miq_F,79.30
9miq_G,79.30
9miq_H,79.30
9miq_I,79.30
9miq_J,79.30
9l6i_A,79.31
9l6i_B,79.31
9l6i_C,79.31
9l6i_D,79.31
9l6i_E,79.31
9igu_M,79.32
9pgi_AM,79.32
9prx_AM,79.32
8vop_I,79.33
8vos_I,79.33
8y5m_H,79.33
8y5t_H,79.33
8ydh_H,79.33
8zfg_C,79.33
9h9k_C,79.33
9jpm_C,79.33
8vvv_J,79.33
9i2d_LJ,79.33
9m0p_LJ,79.33
9mr4_J,79.33
9qqa_BJ,79.33
9s3b_LJ,79.33
9yq1_J,79.33
9n70_LZ,79.33
9n77_LZ,79.33
9fy3_E,79.33
9bwd_r,79.34
9bxv_r,79.34
9j6h_N1,79.34
9rqi_A,79.35
9d3i_I,79.35
9r1f_A,79.37
9r1g_A,79.37
9vnx_B,79.38
9k1y_C,79.39
9qeq_D,79.39
9rtn_D,79.39
9kq0_F,79.41
9kq0_G,79.41
9quq_F,79.41
9quq_G,79.41
9i2d_LX,79.41
9m0p_LX,79.41
9s3b_LX,79.41
9v1j_sC,79.44
8uxa_v,79.45
9fq7_4Q,79.48
9fq7_4q,79.48
9fzl_4Q,79.48
9fzl_4q,79.48
9v1j_so,79.49
9kn6_3e,79.51
9fat_C,79.52
9fy3_n,79.55
8uxa_l,79.55
9ia0_A,79.55
9i27_A,79.56
9i27_B,79.56
9bxv_0,79.57
9bxv_Ab,79.57
9c7h_0,79.57
9c7h_Ab,79.57
8vvv_k,79.57
9p76_Lk,79.57
9p7g_Lk,79.57
9p7w_Lk,79.57
9p7y_Lk,79.57
9pkg_Lk,79.57
9y42_k,79.57
9y4g_Ck,79.57
9lfi_A,79.59
9lfi_B,79.59
9lfi_C,79.59
9lfi_D,79.59
9lfi_E,79.59
9lfi_F,79.59
9ea3_B,79.59
9ea3_D,79.59
9ea3_E,79.59
9h6i_Na,79.59
9qk5_A,79.61
9vkw_E,79.61
9faq_C,79.62
9y49_CV,79.62
9op1_C,79.65
9ozd_A,79.67
9ozd_B,79.67
9ozd_C,79.67
9ozd_D,79.67
9ozl_A,79.67
9ozl_B,79.67
9ozl_C,79.67
9ozl_D,79.67
9cg3_E,79.67
9cg3_R,79.67
9hzl_E,79.67
9hzl_R,79.67
8zbw_C,79.69
7hzz_A,79.69
7hzz_B,79.69
7hzz_C,79.69
7i00_A,79.69
7i00_B,79.69
7i00_C,79.69
7i0m_A,79.69
7i0m_B,79.69
7i0m_C,79.69
7i0n_A,79.69
7i0n_B,79.69
7i0n_C,79.69
7i0s_A,79.69
7i0s_B,79.69
7i0s_C,79.69
7i10_A,79.69
7i10_B,79.69
7i10_C,79.69
9njb_A,79.70
9njb_B,79.70
9njb_C,79.70
9njd_A,79.70
9njd_B,79.70
9njd_C,79.70
9xyi_A,79.70
9xyi_B,79.70
9xyi_C,79.70
9bwd_B,79.71
9bxv_B,79.71
9ubx_D,79.71
9ubx_d,79.71
9ubx_q,79.71
9m7e_A,79.76
9m7e_B,79.76
9kpt_D,79.76
9lih_D,79.76
9i9k_J,79.79
9p76_LJ,79.80
9p7g_LJ,79.80
9p7w_LJ,79.80
9p7y_LJ,79.80
9pkg_LJ,79.80
9v7k_M,79.83
9pgi_7,79.86
9prx_7,79.86
9mr4_U,79.86
9lfy_A,79.86
9lfy_B,79.86
9lfy_C,79.86
9lfy_D,79.86
9lfy_E,79.86
9lfy_F,79.86
8zv0_F,79.86
9lvb_N,79.87
8uxa_G,79.88
9jed_G,79.88
9fq7_3B,79.89
9fq7_3b,79.89
9fzl_3B,79.89
9fzl_3b,79.89
9kxz_A,79.89
9kxz_C,79.89
9jxv_G,79.89
9jxv_H,79.89
9gop_B,79.92
9h39_A,79.94
9h39_B,79.94
9y49_Ck,79.96
9kmc_B,79.97
9pgi_O,79.98
9prx_O,79.98
