7IAU_A,58.38
7IAU_B,54.48
7IAU_C,58.38
7IAU_D,54.48
7IBH_A,31.59
7IBY_A,31.51
7IC5_A,31.59
7ICX_A,31.51
7IDD_A,31.59
7IDH_A,31.59
7IDN_A,31.59
7IDX_A,31.59
7IEF_A,31.59
7IPI_A,31.51
7NAW_C,79.31
7NAW_D,78.72
7NAW_L,77.40
7NAW_M,76.61
8YUB_C,29.48
8YUB_F,29.48
8Z4O_A,31.02
8Z4O_B,31.02
8Z4O_C,31.02
8Z87_G,76.31
8Z87_R,76.47
8ZJX_D,71.56
8ZOE_1,68.10
8ZOE_7,63.98
8ZOE_8,66.95
8ZOE_9,59.83
8ZOE_a,44.24
8ZOE_b,38.45
8ZOE_c,78.84
8ZOE_d,49.68
8ZOE_f,58.56
8ZOE_h,60.07
8ZOE_l,51.25
8ZP8_5B,79.38
8ZP8_6A,67.41
8ZP8_7B,79.64
8ZP8_A1,72.80
8ZP8_A3,68.43
8ZP8_A7,59.78
8ZP8_A8,69.89
8ZP8_AB,68.37
8ZP8_AC,68.37
8ZP8_AK,68.88
8ZP8_AM,52.35
8ZP8_AN,71.61
8ZP8_B2,77.00
8ZP8_B3,66.48
8ZP8_B4,69.07
8ZP8_B5,78.85
8ZP8_B6,67.49
8ZP8_B7,74.14
8ZP8_B8,59.89
8ZP8_B9,64.29
8ZP8_BK,73.57
8ZP8_BL,63.85
8ZP8_C4,75.82
8ZP8_CB,75.28
8ZP8_N1,79.35
8ZP8_N3,66.82
8ZP8_N6,64.90
8ZP8_Qd,69.26
8ZP8_QD,69.26
8ZP8_Qe,72.51
8ZP8_QE,72.51
8ZP8_Qg,61.13
8ZP8_QG,61.13
8ZP8_Qh,73.07
8ZP8_QH,73.07
8ZP8_QK,72.51
8ZP8_S1,65.31
8ZP8_S2,68.38
8ZP8_S3,76.77
8ZP8_S4,72.83
8ZP8_S5,72.53
8ZP8_S6,62.70
8ZP8_S8,75.27
8ZP8_V3,62.06
8ZUZ_F,79.87
8ZV0_F,79.87
9BFC_C,45.62
9BFC_F,50.44
9BFC_I,76.17
9BFC_J,59.13
9BHH_A,27.67
9BHH_B,27.67
9BHH_C,27.67
9BHH_D,27.67
9BHH_E,31.17
9BHH_F,31.17
9BHH_G,31.15
9BHH_H,31.15
9BHH_I,50.60
9BHH_J,50.60
9BHH_K,50.60
9BHH_L,50.60
9BHH_U,48.56
9BHH_V,48.56
9BHH_W,48.56
9BHH_X,48.56
9C06_A,65.76
9DAU_A,60.58
9DAU_B,60.58
9DTX_C,51.12
9DYV_A,74.73
9DZO_A,78.99
9DZO_B,78.99
9DZO_C,78.99
9DZO_D,78.99
9DZO_E,78.99
9DZO_F,78.99
9E35_A,46.76
9E77_B,78.05
9E77_E,69.05
9E77_F,66.87
9E7A_A,67.79
9E7A_B,67.79
9E7A_C,67.79
9E7A_D,64.76
9E7A_E,64.76
9E7A_F,64.76
9E7V_E,72.43
9E7V_F,63.35
9E7V_J,61.69
9E7V_M,77.35
9E85_E,72.43
9E85_F,63.35
9E85_J,61.64
9E85_M,77.35
9E8A_B,73.11
9E8A_C,49.88
9EAM_D,46.65
9EAM_E,36.51
9EAM_F,43.04
9EAM_G,74.29
9EAM_H,71.93
9EBG_B,76.71
9EBG_D,76.71
9ECD_A,32.04
9ECF_C,76.71
9ECF_D,76.71
9ECF_G,76.71
9ECF_H,76.71
9ECF_K,76.71
9ECF_L,76.71
9ECF_O,76.71
9ECF_P,76.71
9EEF_A,54.15
9EEF_B,54.15
9EEF_C,54.15
9EEF_D,54.15
9EFM_B,78.05
9EFM_E,69.85
9EFM_F,66.87
9EFM_K,70.43
9FOG_E,65.55
9FOG_F,72.83
9FP3_E,65.55
9FP3_F,72.83
9GDQ_F,74.44
9GI8_A,65.53
9GI8_B,65.53
9GJ8_A,40.77
9GJ8_B,40.77
9GJ8_C,40.77
9GJ8_E,40.77
9GJ8_G,40.77
9GJ8_I,40.77
9GJ8_J,40.77
9GJ8_L,40.77
9GT0_A,62.45
9GT0_B,62.47
9GT7_A,62.45
9GT7_B,62.45
9GTD_A,77.34
9GTL_A,77.34
9GTW_A,77.34
9GVL_A,61.33
9GVL_B,61.33
9GVO_B,61.33
9GYE_A,54.64
9H30_B,49.76
9H5K_a,75.92
9H5K_b,75.92
9H5K_c,74.70
9H5K_d,74.70
9H5K_g,50.35
9H5K_R,60.33
9H5K_S,60.33
9H5K_T,50.35
9H5K_U,78.85
9H5K_W,78.85
9H5K_Y,65.92
9H5K_Z,65.92
9H5N_A,55.54
9H5N_C,55.54
9H6H_A,41.83
9H6H_B,41.83
9HCL_A,76.75
9HCP_A,76.75
9HCQ_A,76.75
9HEY_A,53.14
9HEY_B,53.14
9HEY_C,53.14
9HEY_D,53.14
9HEY_E,53.14
9HEY_F,53.14
9HEY_G,53.14
9HF8_A,76.54
9HFI_A,76.75
9HHH_A,38.11
9HHH_B,38.11
9HJM_A,75.04
9HJM_G,68.52
9HJM_H,65.83
9HJM_J,63.23
9HKU_A,53.63
9HKU_B,53.63
9HM0_00,68.70
9HM0_11,63.16
9HM0_1,57.99
9HM0_22,60.04
9HM0_2,73.43
9HM0_33,31.22
9HM0_3,69.73
9HM0_44,68.49
9HM0_4,59.50
9HM0_55,69.79
9HM0_5,38.36
9HM0_66,59.72
9HM0_6,45.60
9HM0_77,71.87
9HM0_7,43.05
9HM0_88,48.48
9HM0_8,76.34
9HM0_99,67.32
9HM0_aa,61.83
9HM0_a,60.17
9HM0_A,37.10
9HM0_bb,57.54
9HM0_BB,55.45
9HM0_B,67.38
9HM0_cc,55.73
9HM0_CC,72.78
9HM0_C,46.64
9HM0_dd,42.90
9HM0_DD,69.53
9HM0_D,45.48
9HM0_EE,64.46
9HM0_E,63.92
9HM0_F,79.56
9HM0_GG,76.71
9HM0_G,68.04
9HM0_HH,79.64
9HM0_II,75.64
9HM0_I,68.80
9HM0_JJ,56.14
9HM0_J,73.69
9HM0_KK,56.05
9HM0_K,67.71
9HM0_LL,69.01
9HM0_L,69.42
9HM0_MM,61.46
9HM0_M,73.29
9HM0_NN,70.83
9HM0_N,79.23
9HM0_OO,65.25
9HM0_O,64.68
9HM0_PP,57.80
9HM0_P,79.19
9HM0_QQ,62.75
9HM0_Q,72.95
9HM0_RR,56.53
9HM0_R,64.56
9HM0_S,72.63
9HM0_SS,54.38
9HM0_T,58.79
9HM0_TT,54.34
9HM0_U,56.51
9HM0_UU,76.91
9HM0_V,52.96
9HM0_VV,56.11
9HM0_W,69.94
9HM0_WW,57.62
9HM0_X,57.26
9HM0_XX,77.02
9HM0_Y,54.99
9HM0_YY,58.63
9HM0_Z,73.30
9HM0_ZZ,48.77
9HNQ_A,59.81
9HNQ_B,62.71
9HNQ_C,62.71
9HNQ_D,59.81
9HNQ_E,62.71
9HNQ_P,49.84
9HNR_A,59.81
9HNR_B,62.71
9HNR_C,62.71
9HNR_D,62.71
9HNR_E,62.71
9HNR_P,49.84
9HNR_Q,49.84
9HNR_R,49.84
9HPX_B,42.55
9HS2_A,54.02
9HS2_B,55.68
9HS2_C,55.68
9HS2_D,55.68
9HVF_A,54.30
9HVF_C,59.15
9HVF_D,73.57
9HVF_E,78.09
9HZ7_A,50.52
9HZ7_B,50.52
9HZ7_C,50.52
9HZ7_D,50.52
9HZ7_E,50.52
9HZ7_F,50.52
9HZ7_G,50.52
9HZ7_H,50.52
9HZ7_I,50.52
9HZ7_J,50.52
9HZ7_K,50.52
9HZ7_L,50.52
9HZ7_M,74.40
9HZ7_N,74.40
9HZ7_O,74.40
9HZ7_P,74.40
9HZ7_Q,74.40
9HZ7_R,74.40
9HZ7_S,74.40
9HZ7_T,74.40
9HZ7_U,74.40
9HZ7_V,74.40
9HZ7_W,74.40
9HZ7_X,74.40
9I1Q_A,79.97
9I1Q_B,79.97
9I1Q_C,79.97
9I1Q_D,79.97
9I1U_A,51.65
9I1U_B,51.65
9I1U_C,51.65
9I1U_D,51.65
9I1U_E,51.65
9I1U_F,51.65
9I1U_G,51.65
9I1U_H,51.65
9I2P_A,79.85
9I2P_B,79.85
9I3H_A,34.85
9I3H_B,34.78
9I3H_C,34.85
9I3H_D,68.39
9I3N_A1,71.03
9I3N_A2,71.03
9I3N_A3,71.03
9I3N_B1,71.03
9I3N_B2,71.03
9I3N_B3,71.03
9I3N_C1,71.03
9I3N_C2,71.03
9I3N_C3,71.03
9I3N_D1,71.03
9I3N_D2,71.03
9I3N_D3,71.03
9I3N_E1,71.03
9I3N_E2,71.03
9I3N_E3,71.03
9I3N_F1,71.03
9I3N_F2,71.02
9I3N_F3,71.03
9I3N_G1,71.03
9I3N_G2,71.03
9I3N_G3,71.03
9I3N_H1,71.03
9I3N_H2,71.02
9I3N_H3,71.03
9I3N_I1,71.03
9I3N_I2,71.03
9I3N_I3,71.03
9I3N_J1,71.03
9I3N_J2,71.03
9I3N_J3,71.03
9I3N_K1,71.03
9I3N_K2,71.03
9I3N_K3,71.03
9I3N_L1,71.03
9I3N_L2,71.03
9I3N_L3,71.03
9I3N_M1,71.02
9I3N_M2,71.03
9I3N_M3,71.03
9I3N_N1,71.03
9I3N_N2,71.03
9I3N_N3,71.03
9I3N_O1,71.03
9I3N_O2,71.03
9I3N_O3,71.03
9I3N_P1,71.03
9I3N_P2,71.03
9I3N_P3,71.03
9I3N_Q1,71.03
9I3N_Q2,71.03
9I3N_Q3,71.03
9I3N_R1,71.03
9I3N_R2,71.03
9I3N_R3,71.03
9I3N_S1,71.03
9I3N_S2,71.03
9I3N_S3,71.03
9I98_B,74.66
9I98_C,56.42
9I9J_H,66.30
9I9J_J,79.79
9IB9_A,47.77
9IB9_B,47.77
9IB9_C,47.77
9IB9_D,47.77
9IB9_E,47.77
9IB9_F,47.77
9IGN_A,34.72
9IGN_B,34.72
9IGN_C,34.72
9IGN_D,34.72
9IGN_E,34.72
9IGN_F,34.72
9IGN_G,34.72
9IGN_H,34.72
9IGN_I,34.72
9IGN_J,34.72
9IGN_K,34.72
9IGN_L,34.72
9IGN_M,34.72
9IGN_N,34.72
9IHQ_a,52.80
9IHQ_A,63.34
9IHQ_b,73.48
9IHQ_B,72.51
9IHQ_c,37.86
9IHQ_C,65.97
9IHQ_D,62.06
9IHQ_e,70.03
9IHQ_f,77.44
9IHQ_g,60.46
9IHQ_G,59.65
9IHQ_h,51.64
9IHQ_i,70.82
9IHQ_I,69.69
9IHQ_j,78.59
9IHQ_J,65.08
9IHQ_k,66.62
9IHQ_K,78.83
9IHQ_l,56.41
9IHQ_m,70.45
9IHQ_n,67.58
9IHQ_N,77.93
9IHQ_O,53.97
9IHQ_p,73.23
9IHQ_P,75.40
9IHQ_q,62.46
9IHQ_Q,59.03
9IHQ_R,63.07
9IHQ_T,70.84
9IHQ_U,73.28
9IHQ_V,76.69
9IHQ_W,77.78
9IHQ_X,59.64
9IHQ_Y,60.44
9IHQ_Z,66.59
9IHR_a,52.80
9IHR_A,63.34
9IHR_b,73.48
9IHR_B,72.51
9IHR_c,37.86
9IHR_C,65.97
9IHR_D,62.06
9IHR_e,70.03
9IHR_E,76.37
9IHR_f,77.44
9IHR_g,60.46
9IHR_G,59.65
9IHR_h,51.64
9IHR_i,70.82
9IHR_I,69.66
9IHR_j,78.59
9IHR_J,65.08
9IHR_k,66.62
9IHR_K,78.83
9IHR_l,56.41
9IHR_m,70.45
9IHR_n,67.58
9IHR_N,77.93
9IHR_O,53.97
9IHR_p,73.23
9IHR_P,75.40
9IHR_q,62.47
9IHR_Q,59.03
9IHR_R,63.07
9IHR_T,70.85
9IHR_U,73.28
9IHR_V,76.69
9IHR_W,77.78
9IHR_X,59.64
9IHR_Y,60.44
9IHR_Z,66.59
9J2M_A,59.28
9J2M_B,59.28
9J8W_L,70.22
9JIC_A,72.38
9JKS_A,78.66
9JY1_a,58.85
9JY1_A,58.85
9JY1_b,58.85
9JY1_B,58.85
9JY1_d,63.33
9JY1_D,63.33
9JY1_e,67.89
9JY1_E,67.89
9JY1_f,67.89
9JY1_F,67.89
9JY1_g,66.51
9JY1_G,66.51
9JY1_m,78.10
9JY1_M,78.10
9K3C_A,78.71
9K8J_A,70.83
9KA4_A,51.89
9KA4_B,51.89
9KA4_C,51.89
9KA4_D,51.89
9KA4_E,51.89
9KA4_F,51.91
9KBK_B,78.57
9KBK_D,78.57
9KCJ_B,66.27
9KCJ_C,61.70
9KEE_A,77.08
9KEE_B,77.08
9KFR_A,74.52
9KHI_A,72.87
9KHI_B,74.37
9KHI_C,74.37
9KHI_D,74.37
9KOX_A,77.05
9KOX_B,77.05
9KOX_C,64.50
9KQD_A,72.13
9KQD_B,72.00
9KQD_C,72.13
9KQD_D,72.00
9KQD_E,72.00
9KQD_F,72.00
9KQD_G,72.00
9KQD_H,72.13
9KQD_I,72.00
9KQD_J,72.00
9KQD_K,72.13
9KQD_L,72.13
9KQD_M,72.00
9KQD_N,72.13
9KT6_C,77.04
9KT6_R,72.38
9KTY_A,37.92
9KTY_B,37.92
9KTY_C,37.92
9KTY_D,37.92
9KTY_E,37.92
9KTY_F,37.92
9KV8_A,77.62
9KV8_C,64.99
9KV8_D,63.53
9KV8_G,77.04
9KVR_A,66.23
9KVT_G,26.36
9KWG_A,73.28
9KWG_B,77.61
9KWG_F,53.94
9KWG_G,77.04
9KY0_A,79.91
9KY0_B,78.41
9KY0_C,79.91
9KY0_D,78.41
9KYE_B,42.53
9KYE_C,49.20
9KYE_D,49.20
9KYE_E,49.20
9KYE_F,49.20
9KYE_G,49.20
9KZF_A,48.64
9KZF_B,48.64
9KZF_C,55.72
9KZF_D,55.72
9KZO_A,48.95
9KZO_B,48.95
9KZO_C,49.00
9KZO_D,49.00
9KZO_E,49.00
9KZO_F,49.00
9KZO_G,49.00
9KZO_H,48.95
9KZO_I,49.00
9KZO_J,49.00
9KZO_K,48.95
9KZO_L,49.00
9KZO_M,49.00
9KZO_N,49.00
9KZO_O,49.00
9L0V_C,47.84
9L1W_A,79.19
9L1W_C,79.19
9L1W_E,79.23
9L1Y_A,60.60
9L42_D,68.79
9L4S_A,48.64
9L4S_B,48.64
9L4S_C,50.82
9L4S_D,50.82
9L6D_A,65.76
9L6D_B,65.76
9L6D_C,65.76
9L6S_A,60.03
9L6S_C,72.40
9L8X_A,55.66
9L8X_B,55.66
9LAY_A,73.40
9LAY_B,68.40
9LAY_C,79.17
9LAY_D,73.40
9LAY_E,68.40
9LAY_F,79.17
9LAY_G,73.40
9LAY_H,68.40
9LAY_I,79.17
9LEQ_A,33.08
9LEQ_B,67.20
9LGG_A,75.94
9LGG_B,75.94
9LGG_C,75.94
9LGG_D,75.94
9LGY_A,67.78
9LGY_B,78.60
9LGY_C,67.78
9LGY_E,78.60
9LH3_A,36.26
9LH3_B,36.26
9LH3_C,36.26
9LH3_D,36.28
9LH3_E,36.26
9LH3_F,36.26
9LH3_G,36.26
9LH4_A,63.18
9LHX_A,53.79
9LHX_B,53.79
9LJG_A,65.64
9LJG_B,62.86
9LJG_C,65.64
9LJG_D,62.86
9LOI_A,70.28
9LOI_B,75.33
9LQ1_A,48.40
9LQ1_B,45.70
9LQ1_C,45.70
9LQ1_D,45.70
9LQ1_E,45.70
9LQ1_F,48.40
9LQ5_A,46.78
9LQ5_B,63.39
9LQ5_C,53.56
9LQ5_D,69.68
9LQ5_E,69.68
9LQ5_F,69.68
9LQ5_G,40.42
9LQ5_H,40.42
9LQ5_I,57.33
9LTI_A,73.75
9LTI_B,73.75
9LTI_C,73.72
9LTI_D,73.75
9LTI_E,73.72
9LTI_F,73.72
9LTI_G,73.75
9LTI_H,56.94
9LTI_I,73.72
9LTI_J,73.72
9LTI_K,73.72
9LTI_L,55.54
9LTI_M,54.11
9LTI_N,73.75
9LTI_O,73.72
9LTI_P,73.75
9LTI_Q,73.72
9LTI_R,73.72
9LTI_S,73.72
9LTI_T,50.35
9LWG_A,40.36
9LWG_B,40.36
9M4A_A,26.50
9M4A_B,26.50
9M4A_C,26.50
9M4A_D,26.50
9M4A_E,26.50
9M4A_F,26.50
9M4A_G,26.50
9M4R_P,58.14
9MAP_B,61.59
9MIQ_A,79.30
9MIQ_B,79.30
9MIQ_C,79.30
9MIQ_D,79.30
9MIQ_E,79.30
9MIQ_F,79.30
9MIQ_G,79.30
9MIQ_H,79.30
9MIQ_I,79.30
9MIQ_J,79.30
9MKN_A,56.35
9MKN_B,34.29
9MKN_C,56.35
9MKN_D,34.29
9MKN_E,56.35
9MKN_F,34.29
9MLJ_A,47.15
9MMM_A,77.24
9MMM_C,77.22
9MMM_E,77.24
9MMM_G,77.21
9MMM_L,77.24
9MMM_N,77.21
9MMM_P,77.24
9MMM_R,77.22
9MPQ_A,73.33
9MPQ_B,73.33
9MPQ_C,73.33
9MPQ_D,73.33
9MPQ_E,73.33
9MPQ_F,73.33
9MPR_A,73.33
9MPR_B,73.34
9MPR_C,73.33
9MPR_D,73.33
9MPR_E,73.33
9MPR_F,73.33
9MT5_A,74.07
9MT5_B,79.16
9MVL_A,61.75
9MWB_A,64.76
9MWB_B,64.76
9MWB_C,64.76
9MWB_D,64.76
9MWE_A,64.98
9MWJ_A,64.98
9MWK_A,64.98
9MWN_A,65.42
9MWN_B,65.42
9MWN_C,65.42
9MWN_D,65.42
9MWR_A,65.24
9MWR_B,65.24
9MWR_C,65.24
9MWR_D,65.24
9MWU_A,65.42
9MWU_B,65.42
9MYX_A,64.98
9N0N_A,54.03
9N0N_B,54.03
9N0N_C,54.00
9N0N_D,54.03
9N4E_A,32.36
9N4E_B,32.24
9N4E_C,32.32
9N4E_D,32.24
9N4E_E,32.36
9N4E_F,32.24
9N6W_L3,73.31
9N6W_L5,71.03
9N6W_L6,72.01
9N6W_L7,74.13
9N6W_L8,51.80
9N6W_LD,71.47
9N6W_LG,79.21
9N6W_LH,57.32
9N6W_LI,61.43
9N6W_LK,70.33
9N6W_LL,67.89
9N6W_LN,69.71
9N6W_LO,64.16
9N6W_LP,72.70
9N6W_LQ,73.21
9N6W_LS,63.74
9N6W_LT,67.50
9N6W_LU,74.51
9N6W_LV,62.59
9N6W_LW,63.66
9N6W_NA,50.22
9N6W_NB,52.93
9N6W_NC,56.23
9N6W_ND,55.78
9N6W_NE,54.28
9N6W_NG,76.21
9N6W_NI,59.95
9N6W_NK,75.92
9N6W_NM,66.69
9N6W_NN,46.14
9N6W_SB,70.59
9N6W_SC,75.54
9N6W_SD,75.54
9N6W_SG,67.44
9N6W_SJ,77.09
9N6W_SK,77.09
9N6W_SL,75.07
9N6W_SM,72.59
9N6W_SQ,58.37
9N6W_SR,70.35
9N6W_SS,39.97
9N6W_ST,59.75
9N6W_SU,69.88
9N6W_SV,56.33
9N6W_SW,72.79
9N6W_SY,54.78
9N6W_SZ,69.57
9NJC_A,79.69
9NJC_B,79.69
9NJC_C,79.69
9NLO_A,78.36
9NLO_B,78.36
9NLO_C,56.44
9NLO_D,56.44
9NLU_A,72.33
9NLU_B,72.33
9NLU_C,72.33
9NLU_D,72.33
9NLU_E,72.33
9NLU_F,72.33
9NLU_J,75.02
9NLU_K,68.97
9NLU_L,75.21
9NLW_A,72.33
9NLW_B,72.33
9NLW_C,72.33
9NLW_D,72.33
9NLW_E,72.33
9NLW_F,72.33
9NLW_J,75.02
9NLW_K,68.94
9NLW_L,75.21
9NN2_A,41.87
9NN2_C,28.00
9NNW_A,47.45
9NP8_A,77.24
9NPB_A,77.24
9O6F_A,48.38
9O6F_B,48.38
9OC7_D,28.93
9OC7_X,28.93
9OCB_A,58.07
9OCB_B,58.07
9OCB_C,58.07
9OCB_D,58.07
9OCB_E,58.07
9OCB_F,58.07
9OCB_G,58.07
9OCB_H,60.12
9OCB_I,60.12
9OCB_J,60.28
9OCB_K,60.12
9OCB_L,60.12
9OCB_M,60.12
9OCB_N,60.12
9OCO_1,51.83
9OCO_2,53.03
9OCO_3,63.17
9OCO_4,45.77
9OEE_A,76.78
9OEE_B,76.78
9OEE_D,76.78
9OEE_F,76.78
9OEE_H,76.78
9OFT_A,31.96
9OGF_F,79.50
9OO7_A,60.20
9OOT_A,78.77
9OOT_B,74.01
9OOT_C,78.77
9OOT_D,74.01
9OOU_A,77.53
9OOU_B,74.06
9OOU_C,77.53
9OOU_D,74.06
9OQQ_A,41.69
9OQQ_B,41.69
9OQQ_C,41.69
9OQQ_D,41.69
9OQQ_E,41.69
9OQQ_F,41.69
9OQQ_G,41.69
9OSR_A,40.28
9OSR_B,40.28
9OSR_C,40.28
9OSR_D,40.28
9OT1_A,47.19
9OT1_B,47.19
9OT1_C,47.19
9OT1_D,47.19
9OT1_E,71.07
9OT1_F,71.07
9OT1_G,71.07
9OT1_H,71.07
9OT1_I,71.07
9OT1_J,71.07
9OT1_K,71.07
9OT1_L,71.07
9OT1_M,71.07
9OT1_N,71.07
9OT1_O,71.07
9OT1_P,71.07
9OT1_Q,71.07
9OT1_R,71.07
9OT1_S,71.07
9P4K_A,58.49
9P4K_B,58.49
9P4K_C,58.49
9P4K_D,58.49
9P72_CI,64.49
9P72_La,66.44
9P72_LA,53.71
9P72_Lb,70.95
9P72_LB,45.73
9P72_LC,65.97
9P72_LD,68.03
9P72_Le,63.92
9P72_LE,64.57
9P72_Lg,69.91
9P72_LG,72.94
9P72_Li,77.97
9P72_LI,66.16
9P72_Lj,59.66
9P72_LJ,79.81
9P72_Lk,79.54
9P72_Ll,65.97
9P72_LL,63.64
9P72_Lm,76.70
9P72_LN,53.21
9P72_Lo,69.70
9P72_LO,70.04
9P72_Lp,64.52
9P72_LQ,74.29
9P72_Lr,45.74
9P72_LS,78.43
9P72_Lt,74.64
9P72_LT,69.41
9P72_Sa,70.19
9P72_SB,60.04
9P72_SC,78.40
9P72_Sd,76.57
9P72_Se,58.80
9P72_Sf,70.99
9P72_SG,69.82
9P72_SH,71.71
9P72_SI,54.12
9P72_SL,70.96
9P72_SO,77.60
9P72_SP,78.37
9P72_SR,71.22
9P72_SS,71.21
9P72_ST,77.90
9P72_SV,55.55
9P72_SX,72.45
9P7G_CI,64.49
9P7G_La,66.46
9P7G_LA,53.71
9P7G_Lb,61.94
9P7G_LB,45.73
9P7G_LC,65.97
9P7G_LD,68.03
9P7G_Le,63.91
9P7G_LE,66.49
9P7G_Lg,69.91
9P7G_LG,72.94
9P7G_Li,77.97
9P7G_LI,66.16
9P7G_Lj,59.66
9P7G_LJ,79.81
9P7G_Lk,79.54
9P7G_Ll,65.97
9P7G_LL,63.64
9P7G_Lm,76.70
9P7G_LN,53.21
9P7G_Lo,69.70
9P7G_LO,70.04
9P7G_Lp,64.52
9P7G_LQ,74.29
9P7G_Lr,45.64
9P7G_LS,78.43
9P7G_Lt,79.00
9P7G_LT,69.41
9P7G_Sa,70.19
9P7G_SB,60.04
9P7G_SC,78.40
9P7G_Sd,76.57
9P7G_Se,58.80
9P7G_Sf,70.99
9P7G_SG,69.82
9P7G_SH,71.05
9P7G_SI,54.12
9P7G_SL,70.96
9P7G_SO,77.60
9P7G_SP,78.37
9P7G_SR,71.22
9P7G_SS,71.21
9P7G_ST,77.90
9P7G_SV,55.55
9P7G_SX,72.45
9P7J_CI,64.49
9P7J_La,66.44
9P7J_LA,53.71
9P7J_Lb,61.94
9P7J_LB,45.73
9P7J_LC,65.97
9P7J_LD,68.03
9P7J_Le,63.91
9P7J_LE,66.49
9P7J_Lg,69.91
9P7J_LG,72.94
9P7J_Li,77.97
9P7J_LI,66.16
9P7J_Lj,59.66
9P7J_LJ,79.81
9P7J_Lk,79.54
9P7J_Ll,65.97
9P7J_LL,63.64
9P7J_Lm,76.70
9P7J_LN,53.21
9P7J_Lo,69.70
9P7J_LO,70.04
9P7J_Lp,64.52
9P7J_LQ,74.29
9P7J_Lr,45.74
9P7J_LS,78.43
9P7J_Lt,79.00
9P7J_LT,69.41
9P7J_Sa,70.19
9P7J_SB,60.04
9P7J_SC,78.40
9P7J_Sd,76.57
9P7J_Se,58.80
9P7J_Sf,70.99
9P7J_SG,69.82
9P7J_SH,71.05
9P7J_SI,54.12
9P7J_SL,70.79
9P7J_SO,77.60
9P7J_SP,78.37
9P7J_SR,71.22
9P7J_SS,71.21
9P7J_ST,77.90
9P7J_SV,55.55
9P7J_SX,72.45
9P9I_CI,64.49
9P9I_La,66.44
9P9I_LA,53.71
9P9I_Lb,61.94
9P9I_LB,45.73
9P9I_LC,65.97
9P9I_LD,68.03
9P9I_Le,63.91
9P9I_LE,66.49
9P9I_Lg,69.91
9P9I_LG,72.94
9P9I_Li,77.97
9P9I_LI,66.16
9P9I_Lj,59.66
9P9I_LJ,79.81
9P9I_Lk,79.54
9P9I_Ll,65.97
9P9I_LL,63.64
9P9I_Lm,76.70
9P9I_LN,53.29
9P9I_Lo,69.70
9P9I_LO,70.04
9P9I_Lp,64.52
9P9I_LQ,74.29
9P9I_Lr,45.74
9P9I_LS,78.43
9P9I_Lt,79.00
9P9I_LT,69.41
9P9I_Sa,70.19
9P9I_SB,60.08
9P9I_SC,78.40
9P9I_Sd,76.57
9P9I_Se,58.80
9P9I_Sf,70.99
9P9I_SG,69.82
9P9I_SH,71.05
9P9I_SI,54.12
9P9I_SL,70.79
9P9I_SO,77.60
9P9I_SP,78.37
9P9I_SR,71.22
9P9I_SS,71.21
9P9I_ST,77.90
9P9I_SV,55.55
9P9I_SX,72.45
9P9J_La,66.44
9P9J_LA,53.71
9P9J_Lb,61.94
9P9J_LB,45.73
9P9J_LC,65.97
9P9J_LD,68.03
9P9J_Le,63.92
9P9J_LE,66.49
9P9J_Lg,69.91
9P9J_LG,72.94
9P9J_Li,77.97
9P9J_LI,66.16
9P9J_Lj,59.66
9P9J_LJ,79.81
9P9J_Lk,79.54
9P9J_Ll,65.97
9P9J_LL,63.64
9P9J_Lm,76.70
9P9J_LN,53.21
9P9J_Lo,69.70
9P9J_LO,70.04
9P9J_Lp,64.52
9P9J_LQ,74.29
9P9J_Lr,45.74
9P9J_LS,78.43
9P9J_LT,69.41
9PA7_CD,60.27
9PA7_CI,64.49
9PA7_La,66.44
9PA7_LA,53.71
9PA7_Lb,70.95
9PA7_LB,45.73
9PA7_LC,65.97
9PA7_LD,68.03
9PA7_Le,63.91
9PA7_LE,66.49
9PA7_Lg,69.91
9PA7_LG,72.94
9PA7_Li,77.97
9PA7_LI,66.16
9PA7_Lj,59.66
9PA7_LJ,79.81
9PA7_Lk,79.54
9PA7_Ll,65.97
9PA7_LL,63.64
9PA7_Lm,76.70
9PA7_LN,53.21
9PA7_Lo,69.70
9PA7_LO,70.04
9PA7_Lp,64.52
9PA7_LQ,74.29
9PA7_Lr,45.74
9PA7_LS,78.43
9PA7_Lt,74.64
9PA7_LT,69.41
9PA7_Sa,70.19
9PA7_SB,60.04
9PA7_SC,78.40
9PA7_Sd,76.57
9PA7_Se,58.80
9PA7_Sf,70.99
9PA7_SG,69.82
9PA7_SH,71.71
9PA7_SI,54.12
9PA7_SL,70.96
9PA7_SO,77.60
9PA7_SP,78.37
9PA7_SR,71.22
9PA7_SS,71.21
9PA7_ST,77.90
9PA7_SV,55.55
9PA7_SX,72.45
9PEE_A,78.17
9PF1_A,71.21
9PF1_B,68.17
9PF1_c,62.17
9PF1_C,76.82
9PF1_D,75.31
9PF1_F,76.41
9PFP_B,64.19
9PFP_F,64.19
9PHW_a,53.84
9PHW_A,53.84
9PHW_b,46.44
9PHW_B,46.44
9PHW_c,40.72
9PHW_C,40.72
9PHW_d,42.06
9PHW_D,42.06
9PHW_e,78.84
9PHW_E,78.84
9PHW_h,67.28
9PHW_H,67.28
9PHW_o,47.96
9PHW_O,47.96
9PHW_u,72.98
9PHW_U,72.98
9PHW_v,60.33
9PHW_V,60.33
9PNU_A,50.60
9PNU_B,50.60
9PNU_C,34.41
9PNU_F,50.60
9PNU_G,34.41
9PNU_I,34.41
9PRR_A,39.19
9PRR_B,39.19
9PRR_C,39.19
9PRR_D,39.19
9PRR_E,39.19
9PRR_F,39.19
9PUO_C,66.03
9PUO_F,66.03
9PYM_B,49.55
9PZJ_A,58.86
9PZJ_B,48.36
9PZJ_C,60.53
9PZJ_D,58.86
9PZJ_E,48.36
9PZJ_F,60.53
9PZR_A,77.90
9PZR_B,73.93
9PZR_C,77.90
9PZR_D,73.93
9Q22_A,67.52
9Q22_B,55.49
9Q6A_A,66.34
9Q6A_B,66.34
9Q6D_A,66.34
9Q6D_B,66.34
9Q6D_C,66.34
9Q6D_D,66.34
9Q6D_E,66.34
9Q6D_F,66.34
9Q6D_G,66.34
9Q6D_H,66.34
9Q6D_I,66.34
9Q6D_J,66.34
9Q8I_A,70.29
9Q8I_B,68.48
9Q8I_C,62.81
9Q8I_F,79.66
9Q8I_G,59.94
9Q8I_I,72.29
9Q8I_J,70.37
9Q8Z_A,59.30
9Q8Z_B,58.09
9Q9K_D,61.10
9Q9K_E,61.10
9Q9K_J,66.76
9Q9K_K,66.76
9QBE_a,78.77
9QBE_e,37.78
9QBE_f,37.78
9QBE_g,37.78
9QBE_h,37.78
9QBE_i,37.78
9QBE_j,37.78
9QBE_M,78.77
9QD0_A,39.74
9QD0_B,39.74
9QD1_A,26.87
9QD1_B,26.87
9QE3_A,60.68
9QE3_B,73.70
9QE3_C,60.68
9QE3_D,73.70
9QEX_A,60.68
9QEX_B,73.70
9QEX_C,60.68
9QEX_D,73.70
9QGI_A,71.36
9QGM_6A,65.89
9QGM_6B,65.89
9QGM_6C,65.89
9QGM_8A,77.15
9QGM_8B,77.15
9QGM_8C,77.15
9QNC_B,58.82
9QNC_D,58.82
9QNC_F,58.82
9QNC_H,58.82
9QNC_J,58.82
9QNC_L,58.82
9QT1_A,79.82
9QT1_B,79.82
9QTS_A,47.88
9QTS_B,47.88
9QTS_C,47.88
9QTS_D,61.78
9QTS_E,61.78
9QTS_F,61.78
9QTS_G,46.49
9QTS_H,46.49
9QTS_i,75.00
9QTS_I,46.49
9QTS_J,45.84
9QTS_K,45.84
9QTS_L,45.84
9QTS_m,71.92
9QTS_M,41.96
9QTS_n,71.92
9QTS_N,41.96
9QTS_o,71.92
9QTS_O,42.05
9QTS_p,71.92
9QTS_q,71.92
9QTS_r,71.92
9QTU_A,43.72
9QTU_B,43.72
9QVP_A,76.92
9QVP_B,76.92
9QVR_A,77.01
9QVR_B,77.01
9QXT_C,74.73
9QXT_D,74.48
9QXT_E,56.88
9QXT_H,74.73
9QXT_I,74.48
9QXT_J,56.88
9R0S_A,66.41
9R0S_B,66.33
9R0S_C,66.41
9R0S_D,66.33
9R0S_E,66.33
9R1F_A,79.27
9R4C_B,77.58
9R52_A,77.29
9R52_B,77.47
9R52_C,74.50
9R6Z_A,77.29
9R6Z_B,77.47
9R6Z_C,74.50
9R6Z_D,77.29
9R6Z_E,77.47
9R6Z_F,74.50
9R6Z_G,77.29
9R6Z_H,77.47
9R6Z_I,74.50
9R6Z_J,77.29
9R6Z_K,77.47
9R6Z_L,74.50
9RAW_A,66.33
9RAW_B,66.33
9RAW_C,66.33
9RAW_D,66.33
9RAW_E,66.33
9RAW_F,66.33
9RAW_G,66.33
9RAW_H,66.33
9RAW_I,66.33
9RAW_J,66.33
9RCV_A,76.12
9RCV_B,63.94
9RCV_E,78.65
9RCV_F,63.94
9RCV_I,52.42
9RGF_A,58.38
9RGF_B,54.48
9RGF_C,58.38
9RGF_D,54.48
9RHG_A,71.60
9RHG_B,71.60
9RHR_A,69.23
9RKN_C,57.33
9RKN_G,57.33
9RPT_A,79.37
9RPT_B,74.03
9RPT_C,27.90
9RQI_A,79.37
9RQI_B,74.03
9RQI_C,27.90
9RVE_A,31.62
9RVE_B,41.46
9RVE_C,28.82
9RVE_D,54.31
9S25_B,63.28
9S27_B,63.28
9S3G_C,76.43
9S3G_D,79.42
9S3G_F,59.78
9S3G_H,71.61
9S3G_I,71.65
9S3G_J,78.68
9S3G_k,66.74
9S3G_R,58.00
9S3G_S,73.10
9S3G_U,41.23
9S3G_V,39.04
9S3G_X,47.56
9S3G_Y,42.66
9SAP_A,39.52
9SAP_B,53.14
9SI9_L,59.64
9SI9_N,53.57
9SI9_O,59.64
9SMA_A,50.46
9SMA_B,50.46
9SYR_La,53.45
9SYR_LA,58.37
9SYR_Lb,46.24
9SYR_LB,77.00
9SYR_Lc,60.30
9SYR_LC,65.62
9SYR_Ld,68.49
9SYR_LD,74.03
9SYR_Le,61.29
9SYR_LE,68.74
9SYR_Lf,69.35
9SYR_LF,63.68
9SYR_Lg,76.82
9SYR_LG,47.62
9SYR_Lh,73.96
9SYR_LH,52.40
9SYR_LI,79.71
9SYR_Lj,78.47
9SYR_LJ,69.64
9SYR_Lk,69.29
9SYR_Lm,72.66
9SYR_LM,63.95
9SYR_LN,43.69
9SYR_Lo,79.42
9SYR_LO,79.33
9SYR_LP,63.51
9SYR_Lq,78.49
9SYR_LQ,76.29
9SYR_Lr,66.69
9SYR_Ls,62.36
9SYR_Lu,71.37
9SYR_Lv,62.83
9SYR_Lx,69.28
9SYR_Lz,77.70
9SYR_Na,64.09
9SYR_Nb,65.31
9SYR_Nd,74.06
9SYR_Sa,71.57
9SYR_SA,57.15
9SYR_Sb,71.22
9SYR_Sd,70.06
9SYR_SD,66.61
9SYR_Se,54.53
9SYR_SE,72.33
9SYR_SF,78.74
9SYR_Sg,72.25
9SYR_SG,75.45
9SYR_Si,76.91
9SYR_Sj,69.94
9SYR_Sm,65.98
9SYR_Sn,70.09
9SYR_So,78.51
9SYR_Sp,77.09
9SYR_Sr,77.15
9SYR_St,74.18
9SYR_Su,68.26
9SYR_Sv,68.78
9SYR_Sx,77.65
9SYR_Sy,69.61
9SYR_Sz,71.05
9SYU_E,77.74
9SYU_F,77.74
9TGG_B,62.33
9TGG_C,59.21
9TGG_J,62.33
9TGG_K,59.21
9U6Q_N,75.97
9U9K_A,60.04
9U9K_B,34.17
9U9K_C,50.20
9U9K_D,61.99
9UB3_A,44.72
9UBQ_A,49.15
9UBQ_B,49.15
9UJN_E,65.55
9UJN_F,78.57
9UJR_B,44.71
9UK5_A,49.92
9ULT_E,65.55
9ULT_F,73.36
9UNV_A,66.04
9UNV_B,59.17
9UNV_C,66.04
9UNV_D,59.17
9UOP_A,52.83
9UOP_B,52.83
9UOP_C,52.83
9UOP_D,52.83
9UTK_B,77.58
9UTK_D,77.58
9UTK_F,77.58
9UTK_H,77.58
9UTK_J,77.58
9UTK_L,77.58
9UYJ_A,75.63
9UYJ_R,73.23
9UYN_A,74.56
9UYN_R,73.13
9UZC_A,39.04
9UZE_A,38.19
9V21_la,76.27
9V21_lb,73.43
9V21_lc,65.58
9V21_ld,60.99
9V21_lD,50.35
9V21_lE,56.81
9V21_lF,61.64
9V21_lg,64.48
9V21_lG,62.64
9V21_lh,72.52
9V21_lH,72.81
9V21_lI,79.01
9V21_lJ,68.07
9V21_lk,62.77
9V21_ll,61.83
9V21_lL,60.63
9V21_lm,69.31
9V21_ln,70.51
9V21_lN,61.24
9V21_lo,57.74
9V21_lO,74.19
9V21_lp,74.57
9V21_lq,71.80
9V21_lQ,50.90
9V21_ls,65.58
9V21_lS,74.14
9V21_lT,75.52
9V21_lU,76.81
9V21_lV,67.55
9V21_lW,76.19
9V21_lX,72.88
9V21_lZ,73.99
9V21_sA,65.99
9V21_sb,78.19
9V21_sB,63.88
9V21_sc,76.03
9V21_sd,77.13
9V21_sD,77.59
9V21_se,67.35
9V21_sE,77.25
9V21_sf,75.97
9V21_sg,75.10
9V21_sh,64.02
9V21_si,61.55
9V21_sj,52.01
9V21_sm,65.52
9V21_sp,74.55
9V21_sq,76.14
9V21_ss,78.07
9V21_st,75.27
9V21_su,71.37
9V21_sv,76.37
9V21_sx,54.08
9V21_sy,77.83
9V21_sz,73.56
9V27_sb,78.19
9V27_sB,63.88
9V27_sc,76.03
9V27_sC,79.44
9V27_se,66.94
9V27_sf,75.97
9V27_sh,64.02
9V27_si,61.55
9V27_sj,56.28
9V27_sm,65.52
9V27_so,79.47
9V27_sp,74.55
9V27_sx,54.08
9V27_sy,77.83
9V27_sz,73.55
9V48_D,34.36
9V4P_A,61.17
9V52_P1,74.76
9V52_P2,74.79
9V52_P3,74.76
9V53_P1,74.76
9V53_P2,74.76
9V53_P3,74.79
9V55_P1,74.76
9V55_P2,74.76
9V55_P3,74.76
9V6J_A,62.05
9V6J_B,62.05
9V6J_C,62.05
9V6J_D,62.05
9V6J_E,62.05
9V6J_F,62.05
9V6J_G,62.05
9V6J_H,62.05
9VDO_A,62.97
9VDO_B,62.97
9VDO_D,62.97
9VDO_F,62.97
9VDO_H,62.97
9VDO_K,62.97
9VFR_A,56.23
9VFR_B,55.78
9VFR_C,71.34
9VFR_D,60.81
9VIY_B,71.10
9VIY_D,71.10
9VIY_E,64.84
9VIY_G,64.84
9VJG_D,77.04
9VJG_R,71.33
9VOK_C,69.62
9VU6_A,60.04
9VU6_B,34.17
9VU6_C,50.20
9VU6_D,61.99
9VYE_A,60.14
9VYE_B,60.14
9VYE_C,60.14
9VYE_D,60.14
9VYE_E,60.14
9VYE_F,60.14
9VYE_G,60.14
9VYU_A,78.73
9VYU_B,78.73
9VZI_B,71.40
9VZI_C,71.36
9VZI_D,71.40
9W69_A,52.18
9W69_B,52.18
9W7F_A,52.26
9W7F_B,52.26
9W7G_A,52.26
9W7G_B,52.26
9WSW_G,77.04
9WSW_P,34.88
9WSW_R,75.63
9WSX_C,75.64
9WSX_P,34.88
9WSX_R,75.63
9WWF_A,77.45
9WX3_A,47.42
9WX3_D,47.42
9X25_C,78.45
9X25_D,60.64
9X25_E,60.64
9X25_F,60.64
9X25_G,43.07
9X25_H,43.07
9X25_I,68.49
9Y01_A,63.62
9Y01_B,74.86
9YA2_A0,77.17
9YA2_A1,74.35
9YA2_A2,77.17
9YA2_A3,74.35
9YA2_A4,77.17
9YA2_A5,74.35
9YA2_A6,77.17
9YA2_A7,74.35
9YA2_A8,77.17
9YA2_A9,74.35
9YA2_a,64.78
9YA2_A,51.27
9YA2_B0,77.17
9YA2_B1,74.35
9YA2_B2,77.19
9YA2_B3,74.35
9YA2_B4,77.17
9YA2_B5,74.35
9YA2_B6,77.17
9YA2_B7,74.35
9YA2_B8,77.17
9YA2_B9,74.35
9YA2_b,64.78
9YA2_B,51.27
9YA2_C0,77.17
9YA2_C1,74.35
9YA2_C2,77.17
9YA2_C3,74.35
9YA2_C4,77.19
9YA2_C5,74.35
9YA2_C6,77.17
9YA2_C7,74.35
9YA2_C8,77.17
9YA2_C9,74.35
9YA2_c,64.78
9YA2_C,51.27
9YA2_D0,77.17
9YA2_D1,74.35
9YA2_D2,77.17
9YA2_D3,74.35
9YA2_D4,77.17
9YA2_D5,74.35
9YA2_D6,77.17
9YA2_D7,74.35
9YA2_D8,77.17
9YA2_D9,74.35
9YA2_d,64.78
9YA2_D,51.27
9YA2_E0,77.17
9YA2_E1,74.35
9YA2_E2,77.17
9YA2_E3,74.35
9YA2_E4,77.17
9YA2_E5,74.35
9YA2_E6,77.17
9YA2_E7,74.35
9YA2_E8,77.17
9YA2_E9,74.35
9YA2_e,64.78
9YA2_E,51.27
9YA2_F0,77.17
9YA2_F1,74.35
9YA2_f,64.78
9YA2_F,51.27
9YA2_g,64.78
9YA2_G,51.27
9YA2_h,64.78
9YA2_H,51.27
9YA2_i,64.78
9YA2_I,51.27
9YA2_j,64.78
9YA2_J,51.27
9YA2_k,63.78
9YA2_K,51.27
9YA2_l,63.78
9YA2_m,64.78
9YA2_n,64.78
9YA2_o,64.78
9YA2_O,38.21
9YA2_p,64.78
9YA2_P,38.21
9YA2_q,64.78
9YA2_r,64.78
9YA2_R,40.67
9YA2_s,64.78
9YA2_S,40.67
9YA2_t,64.78
9YA2_T,40.67
9YA2_u,64.78
9YA2_U,40.67
9YA2_v,64.78
9YA2_w,64.78
9YA2_x,64.78
9YFO_A,66.76
9YFO_B,62.42
9YFO_D,66.76
9YFO_F,59.77
9YFO_H,59.77
9YI3_A,37.59
9YI3_B,37.59
9YI8_A,63.24
9YI8_B,63.24
9YI8_C,63.24
9YI8_D,63.24
9YI8_E,63.24
9YI8_F,63.24
9YI8_G,63.24
9YI8_H,63.24
9YI8_I,63.24
9YI8_J,63.24
9YI8_K,63.24
9YI8_L,63.24
9YI8_M,63.24
9YI8_N,63.24
9YI8_O,63.24
9YI8_P,63.24
9YI8_Q,63.24
9YI8_R,63.24
9YI8_S,63.24
9YOL_C,48.87
9YOL_H,47.83
9YOL_I,51.20
9YPY_aa,69.94
9YPY_AA,74.38
9YPY_a,66.70
9YPY_A,53.45
9YPY_BB,68.26
9YPY_b,57.53
9YPY_B,45.58
9YPY_cc,78.51
9YPY_CC,67.64
9YPY_C,61.11
9YPY_dd,77.09
9YPY_DD,77.42
9YPY_d,71.37
9YPY_D,68.65
9YPY_ee,70.79
9YPY_e,62.83
9YPY_E,61.14
9YPY_ff,77.15
9YPY_GG,69.61
9YPY_g,69.23
9YPY_G,63.77
9YPY_HH,71.05
9YPY_II,57.15
9YPY_i,77.59
9YPY_I,65.02
9YPY_j,58.37
9YPY_J,79.33
9YPY_KK,72.33
9YPY_k,77.00
9YPY_LL,66.61
9YPY_l,61.56
9YPY_L,64.11
9YPY_m,78.03
9YPY_M,75.85
9YPY_NN,78.74
9YPY_N,52.40
9YPY_OO,71.78
9YPY_o,68.74
9YPY_O,69.40
9YPY_PP,77.89
9YPY_p,63.68
9YPY_P,77.87
9YPY_Q,72.92
9YPY_RR,70.75
9YPY_r,47.74
9YPY_S,78.56
9YPY_SS,71.35
9YPY_T,69.29
9YPY_TT,76.93
9YPY_V,72.66
9YPY_VV,55.55
9YPY_X,78.46
9YPY_XX,72.25
9YPY_Z,78.49
9YPY_ZZ,65.98
9ZN4_A,79.47
